A,NULL
AA,NULL
AACG,NULL
AAGFF,NULL
AAL,NULL
AAMC,Y
AAME,N
AAN,NULL
AAOI,NULL
AAON,NULL
AAP,NULL
AAPL,NULL
AAT,N
AAU,NULL
AAWW,NULL
AAXN,NULL
AB,N
ABAHF,NULL
ABB,NULL
ABBV,NULL
ABC,NULL
ABCB,N
ABEO,NULL
ABEPF,NULL
ABEV,NULL
ABG,NULL
ABIO,NULL
ABLE,NULL
ABM,NULL
ABMD,NULL
ABML,NULL
ABMT,NULL
ABNAF,NULL
ABQQ,NULL
ABR,N
ABT,NULL
ABTX,N
ABUS,NULL
AC,N
ACA,NULL
ACAD,NULL
ACAN,NULL
ACB,NULL
ACBI,N
ACBM,NULL
ACC,N
ACCA,NULL
ACCO,NULL
ACEL,N
ACER,NULL
ACFN,NULL
ACGL,NULL
ACH,NULL
ACHC,NULL
ACHFF,NULL
ACHV,NULL
ACIA,NULL
ACIU,NULL
ACIW,NULL
ACLS,NULL
ACM,NULL
ACMR,NULL
ACN,NULL
ACNB,N
ACOR,NULL
ACRE,N
ACRGF,NULL
ACRS,NULL
ACRX,NULL
ACST,NULL
ACTG,NULL
ACU,NULL
ACUIF,NULL
ACUR,NULL
ACY,NULL
ADAP,NULL
ADBE,NULL
ADBN,NULL
ADC,N
ADCT,NULL
ADDYY,N
ADEC,NULL
ADES,NULL
ADGL,NULL
ADI,NULL
ADIL,NULL
ADM,NULL
ADMA,NULL
ADMP,NULL
ADMS,NULL
ADMT,NULL
ADNT,NULL
ADOM,NULL
ADP,NULL
ADPT,NULL
ADRNY,NULL
ADRO,NULL
ADS,NULL
ADSK,NULL
ADSW,NULL
ADT,NULL
ADTN,NULL
ADVM,NULL
ADVZF,NULL
ADXN,NULL
ADXS,NULL
AE,NULL
AEE,NULL
AEG,N
AEGN,NULL
AEHR,NULL
AEIS,NULL
AEL,N
AEM,NULL
AEMD,NULL
AEO,NULL
AEP,NULL
AER,NULL
AERG,NULL
AERI,NULL
AERO,NULL
AES,NULL
AESE,N
AEY,NULL
AEYE,NULL
AEZS,NULL
AFG,N
AFH,NULL
AFI,NULL
AFIN,N
AFL,N
AFMD,NULL
AFYA,NULL
AG,NULL
AGCBF,NULL
AGCO,NULL
AGE,NULL
AGEEF,NULL
AGEN,NULL
AGFS,NULL
AGI,NULL
AGIO,NULL
AGLE,NULL
AGM,N
AGMH,Y
AGNC,N
AGO,NULL
AGR,NULL
AGRO,NULL
AGRX,NULL
AGS,N
AGTC,NULL
AGX,NULL
AGYS,NULL
AHC,NULL
AHCO,NULL
AHGIF,NULL
AHH,N
AHII,N
AHOTF,N
AHPI,NULL
AHT,N
AI,N
AIG,N
AIHS,N
AIKI,NULL
AIM,NULL
AIMC,NULL
AIMT,NULL
AIN,NULL
AINC,N
AINV,N
AIR,NULL
AIRG,NULL
AIRI,NULL
AIRT,NULL
AISSF,NULL
AIT,NULL
AIV,N
AIXN,NULL
AIZ,N
AJG,N
AJRD,NULL
AJX,N
AKAM,NULL
AKBA,NULL
AKBTY,N
AKCA,NULL
AKER,NULL
AKO/A,NULL
AKO/B,NULL
AKOM,NULL
AKR,N
AKRO,NULL
AKRX,NULL
AKTS,NULL
AKTX,NULL
AKVA,NULL
AKZOY,NULL
AL,NULL
ALB,NULL
ALBO,NULL
ALBY,N
ALC,NULL
ALCO,NULL
ALDX,NULL
ALE,NULL
ALEAF,NULL
ALEC,NULL
ALEX,N
ALG,NULL
ALGN,NULL
ALGT,NULL
ALID,NULL
ALIM,NULL
ALJJ,NULL
ALK,NULL
ALKS,NULL
ALL,NULL
ALLE,NULL
ALLK,NULL
ALLO,NULL
ALLT,NULL
ALLY,N
ALME,NULL
ALMTF,NULL
ALNA,NULL
ALNY,NULL
ALO,NULL
ALOT,NULL
ALPE,NULL
ALPN,NULL
ALPP,NULL
ALRM,NULL
ALRN,NULL
ALRS,N
ALRT,NULL
ALSK,NULL
ALSN,NULL
ALT,NULL
ALTD,N
ALTG,NULL
ALTM,NULL
ALTR,NULL
ALV,NULL
ALVOF,NULL
ALX,N
ALXN,NULL
ALYA,NULL
AM,NULL
AMAG,NULL
AMAL,N
AMAT,NULL
AMAZ,NULL
AMBA,NULL
AMBC,NULL
AMBO,NULL
AMBZ,N
AMC,N
AMCR,NULL
AMCX,N
AMD,NULL
AME,NULL
AMG,N
AMGN,NULL
AMH,N
AMHPF,NULL
AMK,N
AMKR,NULL
AMMX,NULL
AMNB,N
AMNL,NULL
AMOT,NULL
AMOV,NULL
AMP,N
AMPE,NULL
AMPH,NULL
AMPY,NULL
AMRA,N
AMRB,N
AMRC,NULL
AMRH,NULL
AMRK,N
AMRN,NULL
AMRS,NULL
AMRX,NULL
AMSC,NULL
AMSF,NULL
AMSWA,NULL
AMT,N
AMTB,N
AMTBB,N
AMTD,N
AMTX,NULL
AMTY,NULL
AMWD,NULL
AMX,NULL
AMXEF,NULL
AMZN,NULL
AN,NULL
ANAB,NULL
ANAT,N
ANCN,NULL
ANDE,NULL
ANDR,NULL
ANET,NULL
ANF,NULL
ANFC,NULL
ANGI,NULL
ANGO,NULL
ANH,N
ANIK,NULL
ANIP,NULL
ANIX,NULL
ANLDF,NULL
ANPC,NULL
ANPCY,NULL
ANSS,NULL
ANTE,N
ANTM,NULL
ANVH,NULL
ANVS,NULL
ANVV,NULL
ANXGF,NULL
ANY,NULL
AOBC,N
AON,N
AOS,NULL
AOSL,NULL
AOTVF,NULL
AP,NULL
APA,NULL
APAAF,NULL
APAM,N
APD,NULL
APDN,NULL
APEI,NULL
APEN,NULL
APEX,N
APG,NULL
APH,NULL
APHA,NULL
APLE,N
APLS,NULL
APLT,NULL
APM,NULL
APO,N
APOG,NULL
APOP,NULL
APPB,NULL
APPF,NULL
APPN,NULL
APPS,NULL
APRE,NULL
APRN,NULL
APT,NULL
APTEF,NULL
APTO,NULL
APTS,N
APTV,NULL
APTX,NULL
APVO,NULL
APWC,NULL
APY,NULL
APYX,NULL
AQARF,NULL
AQB,NULL
AQMS,NULL
AQN,NULL
AQST,NULL
AQSZF,NULL
AQUA,NULL
AR,NULL
ARAV,NULL
ARAY,NULL
ARC,NULL
ARCB,NULL
ARCC,N
ARCE,NULL
ARCH,NULL
ARCO,N
ARCT,NULL
ARD,NULL
ARDS,NULL
ARDX,NULL
ARE,N
AREC,NULL
AREM,NULL
ARES,N
ARESF,N
ARFXF,NULL
ARGO,NULL
ARGX,NULL
ARI,N
ARKR,N
ARL,N
ARLO,NULL
ARLP,NULL
ARMK,N
ARMP,NULL
ARNA,NULL
ARNC,NULL
AROC,NULL
AROW,N
ARPO,NULL
ARQT,NULL
ARR,N
ARREF,NULL
ARSC,NULL
ARTH,NULL
ARTL,NULL
ARTNA,NULL
ARTNB,NULL
ARTW,NULL
ARVN,NULL
ARW,NULL
ARWR,NULL
ARXRF,NULL
ARYC,NULL
ASB,N
ASC,NULL
ASCBQ,NULL
ASDN,NULL
ASFI,N
ASGN,NULL
ASH,NULL
ASIX,NULL
ASLN,NULL
ASM,NULL
ASMB,NULL
ASMIY,NULL
ASML,NULL
ASNA,NULL
ASND,NULL
ASPCF,NULL
ASPN,NULL
ASPS,Y
ASPU,NULL
ASR,NULL
ASRT,NULL
ASRV,N
ASTC,NULL
ASTE,NULL
ASUR,NULL
ASX,NULL
ASYS,NULL
AT,NULL
ATAR,NULL
ATAX,N
ATBHF,NULL
ATBPF,NULL
ATCO,NULL
ATEC,NULL
ATEN,NULL
ATEX,NULL
ATGE,NULL
ATGN,NULL
ATH,N
ATHE,NULL
ATHM,NULL
ATHX,NULL
ATI,NULL
ATIF,NULL
ATIXF,NULL
ATKR,NULL
ATLC,N
ATLO,N
ATNI,NULL
ATNM,NULL
ATNP,N
ATNX,NULL
ATO,NULL
ATOM,NULL
ATOS,NULL
ATR,NULL
ATRA,NULL
ATRC,NULL
ATRI,NULL
ATRO,NULL
ATRS,NULL
ATRX,NULL
ATSG,NULL
ATTO,NULL
ATUS,N
ATUSF,NULL
ATV,NULL
ATVI,N
ATXG,NULL
ATXI,NULL
AU,NULL
AUB,N
AUBN,N
AUDC,NULL
AUG,NULL
AUMN,NULL
AUPH,NULL
AUSAF,NULL
AUTL,NULL
AUTO,NULL
AUXXF,NULL
AUY,NULL
AVA,NULL
AVAL,N
AVAV,NULL
AVB,N
AVCNF,NULL
AVCT,NULL
AVD,NULL
AVDL,NULL
AVEO,NULL
AVGO,NULL
AVGR,NULL
AVH,NULL
AVID,NULL
AVLNF,NULL
AVLR,NULL
AVNE,NULL
AVNS,NULL
AVNW,NULL
AVRO,NULL
AVT,NULL
AVTR,NULL
AVXL,NULL
AVY,NULL
AVYA,NULL
AWCMY,NULL
AWI,NULL
AWK,NULL
AWR,NULL
AWRE,NULL
AWSM,NULL
AWX,NULL
AX,N
AXAHY,N
AXAS,NULL
AXDDF,NULL
AXDX,NULL
AXE,NULL
AXGN,NULL
AXGT,NULL
AXIM,NULL
AXL,NULL
AXLA,NULL
AXMP,NULL
AXNX,NULL
AXP,N
AXR,NULL
AXREF,NULL
AXS,NULL
AXSM,NULL
AXTA,NULL
AXTI,NULL
AXU,NULL
AY,NULL
AYI,NULL
AYRSF,NULL
AYTU,NULL
AYX,NULL
AZGSQ,NULL
AZN,NULL
AZO,NULL
AZPN,NULL
AZRE,NULL
AZRX,NULL
AZUL,NULL
AZZ,NULL
AZZUF,NULL
B,NULL
BA,NULL
BABA,NULL
BABYF,NULL
BAC,N
BAH,NULL
BAK,NULL
BALMF,NULL
BAM,N
BANC,N
BAND,NULL
BANF,N
BANR,N
BAP,N
BASA,NULL
BASFY,NULL
BASI,NULL
BASX,NULL
BATL,NULL
BATRA,N
BATRB,N
BATRK,N
BAX,NULL
BAYK,N
BB,NULL
BBAR,N
BBBXF,NULL
BBBY,NULL
BBCP,NULL
BBD,N
BBDC,N
BBDO,N
BBGI,N
BBI,NULL
BBIO,NULL
BBKCF,NULL
BBL,NULL
BBLG,NULL
BBQ,N
BBRRF,NULL
BBSI,NULL
BBSRF,NULL
BBU,NULL
BBVA,N
BBW,N
BBX,N
BBXTB,N
BBY,NULL
BC,N
BCBP,N
BCC,NULL
BCDA,NULL
BCE,NULL
BCEI,NULL
BCEKF,NULL
BCEL,NULL
BCH,N
BCLI,NULL
BCML,N
BCO,NULL
BCOM,NULL
BCOR,N
BCOV,NULL
BCOW,N
BCPC,NULL
BCRX,NULL
BCS,N
BCSF,N
BCTF,N
BCTXF,NULL
BCYC,NULL
BDC,NULL
BDCO,NULL
BDGE,N
BDL,N
BDN,N
BDR,NULL
BDRAF,NULL
BDRBF,NULL
BDSI,NULL
BDTX,NULL
BDX,NULL
BE,NULL
BEAM,NULL
BEBE,NULL
BECN,NULL
BEDU,NULL
BEGI,N
BELFA,NULL
BELFB,NULL
BEN,N
BEP,NULL
BERK,N
BERY,NULL
BEST,NULL
BEVVF,NULL
BEWFF,NULL
BF/A,N
BF/B,N
BFAM,NULL
BFC,N
BFGC,NULL
BFIN,N
BFRA,NULL
BFRE,NULL
BFS,N
BFST,N
BFTI,NULL
BFYT,N
BG,NULL
BGAVF,NULL
BGCP,N
BGFV,N
BGG,NULL
BGI,NULL
BGNE,NULL
BGS,NULL
BGSF,NULL
BH,N
BH/A,N
BHAT,N
BHB,N
BHC,NULL
BHE,NULL
BHF,N
BHLB,N
BHNGF,NULL
BHP,NULL
BHR,N
BHTG,NULL
BHVN,NULL
BHWB,N
BICTF,NULL
BICX,NULL
BIDCF,NULL
BIDU,NULL
BIG,NULL
BIGG,N
BIIB,NULL
BILI,N
BILL,NULL
BIMI,NULL
BIO,NULL
BIO/B,NULL
BIOAF,NULL
BIOC,NULL
BIOIF,NULL
BIOL,NULL
BIOX,NULL
BIP,NULL
BIPC,NULL
BITA,NULL
BIVI,NULL
BIXT,NULL
BJ,NULL
BJRI,N
BK,N
BKCC,N
BKD,NULL
BKE,NULL
BKEP,NULL
BKH,NULL
BKI,NULL
BKNG,NULL
BKPPD,N
BKR,NULL
BKSC,N
BKTI,NULL
BKU,N
BKUCF,NULL
BKYI,NULL
BL,NULL
BLAGF,NULL
BLBD,NULL
BLCM,NULL
BLD,NULL
BLDP,NULL
BLDR,NULL
BLFS,NULL
BLGO,NULL
BLHI,N
BLILF,NULL
BLIN,NULL
BLK,N
BLKB,NULL
BLKG,NULL
BLL,NULL
BLMN,N
BLNK,NULL
BLONF,NULL
BLPH,NULL
BLRX,NULL
BLU,NULL
BLUE,NULL
BLX,N
BLXX,NULL
BMA,N
BMCH,NULL
BMI,NULL
BMMJ,NULL
BMNM,N
BMO,N
BMRA,NULL
BMRC,N
BMRN,NULL
BMTC,N
BMTLF,NULL
BMTM,N
BMY,NULL
BNCC,N
BNED,N
BNET,NULL
BNFT,NULL
BNGO,NULL
BNKL,NULL
BNKPF,NULL
BNNLF,NULL
BNPQY,N
BNS,N
BNSO,NULL
BNTC,NULL
BNTX,NULL
BOCH,N
BOH,N
BOID,N
BOKF,N
BOMN,N
BONXF,NULL
BOOM,NULL
BOOT,NULL
BORR,NULL
BOSC,NULL
BOSQF,NULL
BOSSY,N
BOTJ,N
BOX,NULL
BOXL,NULL
BP,NULL
BPFH,N
BPMC,NULL
BPMP,NULL
BPOP,N
BPRN,N
BPT,NULL
BPTH,NULL
BPY,N
BPYU,N
BR,NULL
BRBR,NULL
BRBS,N
BRC,NULL
BREW,NULL
BRFH,NULL
BRFS,NULL
BRG,N
BRGGF,NULL
BRID,NULL
BRK/A,N
BRK/B,N
BRKL,N
BRKR,NULL
BRKS,NULL
BRMK,N
BRN,NULL
BRO,N
BROG,NULL
BRP,N
BRQS,NULL
BRT,N
BRX,N
BRY,NULL
BSAC,N
BSBK,N
BSBR,N
BSET,NULL
BSGM,NULL
BSHF,NULL
BSIG,N
BSM,NULL
BSMX,N
BSPK,NULL
BSQR,NULL
BSRR,N
BSTC,NULL
BSTG,NULL
BSVN,N
BSX,NULL
BTAI,NULL
BTCY,NULL
BTE,NULL
BTG,NULL
BTGI,NULL
BTHE,NULL
BTI,N
BTN,N
BTSR,NULL
BTTR,NULL
BTU,NULL
BUD,NULL
BUDZ,NULL
BUKS,NULL
BURL,NULL
BUROF,NULL
BUSE,N
BV,NULL
BVN,NULL
BVTK,NULL
BVXV,NULL
BW,NULL
BWA,NULL
BWAY,NULL
BWB,N
BWEN,NULL
BWFG,N
BWL/A,N
BWMX,NULL
BWXT,NULL
BX,N
BXC,NULL
BXG,N
BXMT,N
BXP,N
BXRX,NULL
BXS,N
BY,N
BYD,N
BYFC,N
BYND,NULL
BYRN,NULL
BYSI,NULL
BZH,NULL
BZUN,NULL
C,N
CAAP,NULL
CAAS,NULL
CABA,NULL
CABO,N
CAC,N
CACC,N
CACI,NULL
CADE,N
CADMF,NULL
CAE,NULL
CAG,NULL
CAGR,NULL
CAH,NULL
CAI,NULL
CAJ,NULL
CAKE,N
CAL,NULL
CALA,NULL
CALB,N
CALM,NULL
CALX,NULL
CAMP,NULL
CAMT,NULL
CAN,NULL
CANB,NULL
CANF,NULL
CANG,NULL
CANN,NULL
CANSF,NULL
CAPC,NULL
CAPL,NULL
CAPR,NULL
CAPS,NULL
CAR,NULL
CARA,NULL
CARE,N
CARG,NULL
CARR,NULL
CARS,NULL
CARV,N
CASA,NULL
CASH,N
CASI,NULL
CASS,NULL
CASY,NULL
CAT,NULL
CATB,NULL
CATC,N
CATM,NULL
CATO,NULL
CATY,N
CB,NULL
CBAN,N
CBAT,NULL
CBAY,NULL
CBB,NULL
CBB/PB,NULL
CBD,NULL
CBDY,NULL
CBFV,N
CBGI,N
CBIO,NULL
CBKC,NULL
CBKM,N
CBL,N
CBLI,NULL
CBLRF,NULL
CBMB,N
CBMG,NULL
CBNK,N
CBOE,Y
CBPJ,NULL
CBPO,NULL
CBRE,Y
CBRL,N
CBSH,N
CBT,NULL
CBTX,N
CBU,N
CBWTF,NULL
CBZ,NULL
CC,NULL
CCAP,N
CCB,N
CCBG,N
CCC,NULL
CCCL,NULL
CCEP,NULL
CCF,NULL
CCGGY,N
CCGN,N
CCHWF,NULL
CCI,N
CCJ,NULL
CCK,NULL
CCL,N
CCLP,NULL
CCMP,NULL
CCNC,NULL
CCNE,N
CCO,N
CCOB,NULL
CCOI,NULL
CCR,NULL
CCRC,NULL
CCS,NULL
CCTC,NULL
CCU,NULL
CCUR,N
CCWOF,NULL
CCXI,NULL
CDAY,NULL
CDBMF,NULL
CDE,NULL
CDEV,NULL
CDK,NULL
CDLX,N
CDMO,NULL
CDNA,NULL
CDNS,NULL
CDOR,N
CDR,N
CDTX,NULL
CDW,NULL
CDXC,NULL
CDXI,NULL
CDXS,NULL
CDZI,NULL
CE,NULL
CEA,NULL
CECE,NULL
CEI,NULL
CEIX,NULL
CEL,NULL
CELC,NULL
CELH,NULL
CELP,NULL
CEMI,NULL
CENT,NULL
CENTA,NULL
CENX,NULL
CEO,NULL
CEPU,NULL
CEQP,NULL
CERC,NULL
CERN,NULL
CERS,NULL
CETV,N
CETX,NULL
CETY,NULL
CEVA,NULL
CF,NULL
CFB,N
CFBI,N
CFBK,N
CFFI,N
CFFN,N
CFG,N
CFGMF,NULL
CFMS,NULL
CFNB,N
CFR,N
CFRX,NULL
CFST,N
CFX,NULL
CFXA,NULL
CG,N
CGA,NULL
CGBD,N
CGC,NULL
CGEN,NULL
CGIX,NULL
CGMLF,NULL
CGNX,NULL
CGOL,NULL
CGOTF,NULL
CGTFF,NULL
CHA,NULL
CHAP,NULL
CHBH,N
CHCI,NULL
CHCO,N
CHCT,N
CHD,NULL
CHDN,N
CHEF,NULL
CHFS,NULL
CHGG,NULL
CHGT,NULL
CHH,N
CHHE,NULL
CHIT,N
CHK,NULL
CHKKF,NULL
CHKP,NULL
CHL,NULL
CHMA,NULL
CHMG,N
CHMI,N
CHMJF,NULL
CHMR,NULL
CHNG,NULL
CHNGU,NULL
CHNR,NULL
CHNUF,NULL
CHOOF,NULL
CHPGF,NULL
CHRA,NULL
CHRS,NULL
CHRW,NULL
CHS,NULL
CHT,NULL
CHTR,N
CHU,NULL
CHUY,N
CHWY,NULL
CHXMF,NULL
CIA,N
CIAU,NULL
CIB,N
CIBEY,N
CIBH,N
CIDM,N
CIEN,NULL
CIG,NULL
CIG/C,NULL
CIGI,Y
CIH,NULL
CIIX,Y
CIM,N
CINF,NULL
CINR,NULL
CIO,N
CIR,NULL
CIT,N
CIVB,N
CIX,NULL
CIZN,N
CJCFF,NULL
CJJD,NULL
CKH,NULL
CKPT,NULL
CKX,N
CL,NULL
CLABF,NULL
CLAR,N
CLB,NULL
CLBK,N
CLBN,NULL
CLBS,NULL
CLCT,N
CLDB,N
CLDR,NULL
CLDT,N
CLDX,NULL
CLEU,NULL
CLF,NULL
CLFD,NULL
CLGN,NULL
CLGX,NULL
CLH,NULL
CLHRF,NULL
CLI,N
CLIR,NULL
CLLS,NULL
CLMT,NULL
CLNC,N
CLNE,NULL
CLNY,N
CLOK,NULL
CLPR,N
CLPS,NULL
CLPT,NULL
CLR,NULL
CLRB,NULL
CLRO,NULL
CLS,NULL
CLSD,NULL
CLSH,NULL
CLSK,NULL
CLSN,NULL
CLUB,N
CLVS,NULL
CLW,NULL
CLWT,NULL
CLX,NULL
CLXT,NULL
CM,N
CMA,N
CMBM,NULL
CMC,NULL
CMCL,NULL
CMCM,NULL
CMCO,NULL
CMCSA,N
CMCT,N
CMD,NULL
CME,Y
CMG,N
CMGGF,N
CMI,NULL
CMLS,N
CMO,N
CMP,NULL
CMPR,NULL
CMRE,NULL
CMRX,NULL
CMS,NULL
CMT,NULL
CMTL,NULL
CMTV,N
CMXC,NULL
CNA,NULL
CNAF,N
CNAT,NULL
CNBKA,N
CNBN,N
CNBX,NULL
CNC,NULL
CNCE,NULL
CNCG,N
CNCM,N
CNDT,NULL
CNENF,NULL
CNET,N
CNF,N
CNFN,NULL
CNFR,NULL
CNHI,NULL
CNI,NULL
CNIG,NULL
CNK,N
CNMD,NULL
CNNB,N
CNNE,N
CNNEF,NULL
CNO,N
CNOB,N
CNP,NULL
CNQ,NULL
CNR,NULL
CNS,N
CNSL,NULL
CNSNF,NULL
CNSP,NULL
CNST,NULL
CNTG,NULL
CNTMF,NULL
CNTX,NULL
CNTY,N
CNX,NULL
CNXM,NULL
CNXN,NULL
COCP,NULL
CODA,NULL
CODI,N
CODX,NULL
COE,NULL
COF,N
COFS,N
COG,NULL
COGNY,NULL
COHN,N
COHR,NULL
COHU,NULL
COKE,NULL
COLB,N
COLD,N
COLL,NULL
COLM,N
COMM,NULL
COMS,NULL
CONE,N
CONN,NULL
COO,NULL
COOP,N
COP,NULL
COR,N
CORE,NULL
CORR,N
CORT,NULL
CORV,NULL
CORVF,NULL
COSM,NULL
COST,NULL
COTY,NULL
COUP,NULL
COWN,N
COWP,N
CP,NULL
CPA,NULL
CPAC,NULL
CPAH,NULL
CPB,NULL
CPE,NULL
CPF,N
CPG,NULL
CPHB,NULL
CPHC,N
CPHI,NULL
CPIX,NULL
CPK,NULL
CPKF,N
CPLG,N
CPLP,NULL
CPMMF,NULL
CPPXF,NULL
CPRI,N
CPRT,NULL
CPRX,NULL
CPS,NULL
CPSH,NULL
CPSI,NULL
CPSS,N
CPST,NULL
CPT,N
CPTA,N
CPTP,N
CPTRF,NULL
CQP,NULL
CR,NULL
CRAI,NULL
CRBO,NULL
CRBP,NULL
CRC,NULL
CRCUF,NULL
CRCW,NULL
CRD/A,N
CRD/B,N
CRDF,NULL
CRECF,NULL
CREE,NULL
CREG,NULL
CRESY,N
CREX,N
CRH,NULL
CRI,N
CRIS,NULL
CRK,NULL
CRL,NULL
CRLBF,NULL
CRM,NULL
CRMD,NULL
CRMT,NULL
CRMZ,Y
CRNC,NULL
CRNT,NULL
CRNX,NULL
CRON,NULL
CROX,NULL
CRPOF,NULL
CRRVF,NULL
CRS,NULL
CRSP,NULL
CRSS,NULL
CRSXF,NULL
CRT,NULL
CRTO,N
CRTPF,NULL
CRTX,NULL
CRUS,NULL
CRVS,NULL
CRVW,NULL
CRWD,NULL
CRWS,NULL
CRY,NULL
CS,N
CSBR,NULL
CSCO,NULL
CSFL,N
CSGP,NULL
CSGS,NULL
CSHX,N
CSII,NULL
CSIQ,NULL
CSL,NULL
CSLT,NULL
CSOD,NULL
CSPI,NULL
CSPR,NULL
CSSE,N
CSTE,NULL
CSTL,NULL
CSTM,NULL
CSTR,N
CSU,NULL
CSV,N
CSVI,NULL
CSWC,N
CSWI,NULL
CSX,NULL
CTAM,NULL
CTARF,NULL
CTAS,NULL
CTB,NULL
CTBI,N
CTCC,NULL
CTCK,NULL
CTDH,NULL
CTG,NULL
CTGO,NULL
CTHR,N
CTIB,NULL
CTIC,NULL
CTK,NULL
CTL,NULL
CTLT,NULL
CTMX,NULL
CTO,N
CTRA,NULL
CTRC,N
CTRE,N
CTRM,NULL
CTRN,NULL
CTS,NULL
CTSDF,NULL
CTSH,NULL
CTSO,NULL
CTT,N
CTUY,N
CTVA,NULL
CTXR,NULL
CTXS,NULL
CTXXF,NULL
CUB,NULL
CUBE,N
CUBI,N
CUE,NULL
CUEN,NULL
CUK,N
CULP,NULL
CURLF,NULL
CURO,N
CURR,NULL
CUTR,NULL
CUZ,N
CVA,NULL
CVALF,NULL
CVAT,NULL
CVBF,N
CVCO,NULL
CVCY,N
CVE,NULL
CVEO,NULL
CVET,NULL
CVGI,NULL
CVGRF,NULL
CVGW,NULL
CVI,NULL
CVIA,NULL
CVLB,NULL
CVLT,NULL
CVLY,N
CVM,NULL
CVNA,NULL
CVR,NULL
CVSC,NULL
CVSI,NULL
CVTI,NULL
CVU,NULL
CVV,NULL
CVVUF,NULL
CVX,NULL
CW,NULL
CWBC,N
CWBHF,NULL
CWBR,NULL
CWCO,NULL
CWEN,NULL
CWEN/A,NULL
CWGL,N
CWH,NULL
CWK,Y
CWRL,NULL
CWST,NULL
CWT,NULL
CX,NULL
CXBMF,NULL
CXBS,NULL
CXDC,NULL
CXDO,NULL
CXIA,NULL
CXO,NULL
CXP,N
CXUS,NULL
CXW,N
CYAD,NULL
CYAN,NULL
CYBE,NULL
CYBR,NULL
CYCC,NULL
CYCN,NULL
CYD,NULL
CYDVF,NULL
CYDY,NULL
CYH,NULL
CYNK,NULL
CYPE,NULL
CYRN,NULL
CYRS,NULL
CYRTF,NULL
CYRX,NULL
CYSM,N
CYTK,NULL
CYTR,NULL
CZNC,N
CZR,N
CZWI,N
CZZ,NULL
D,NULL
DAC,NULL
DAIO,NULL
DAKT,NULL
DAL,NULL
DAN,NULL
DANOY,NULL
DAO,NULL
DAR,NULL
DARE,NULL
DAVA,NULL
DB,N
DBCCF,NULL
DBCP,N
DBD,NULL
DBI,NULL
DBIN,N
DBMM,N
DBUB,N
DBVT,NULL
DBX,NULL
DCAR,N
DCI,NULL
DCO,NULL
DCOM,N
DCP,NULL
DCPH,NULL
DCTH,NULL
DCUE,NULL
DD,NULL
DDD,NULL
DDOG,NULL
DDS,NULL
DE,NULL
DEA,N
DECK,NULL
DECN,NULL
DEI,N
DELL,NULL
DENN,N
DEO,N
DESP,NULL
DFFN,NULL
DFIN,Y
DFS,N
DG,NULL
DGICA,NULL
DGICB,NULL
DGII,NULL
DGJI,NULL
DGLY,NULL
DGNOF,NULL
DHC,N
DHI,NULL
DHIL,N
DHR,NULL
DHT,NULL
DHX,NULL
DIN,N
DIOD,NULL
DIS,N
DISCA,N
DISCB,N
DISCK,N
DISH,N
DIT,NULL
DJCO,NULL
DK,NULL
DKL,NULL
DKNG,N
DKS,N
DL,NULL
DLA,N
DLAD,NULL
DLAKY,NULL
DLB,NULL
DLGI,NULL
DLHC,NULL
DLMV,N
DLNG,NULL
DLPH,NULL
DLPN,N
DLR,N
DLTA,NULL
DLTH,NULL
DLTR,NULL
DLX,NULL
DMAC,NULL
DMGGF,NULL
DMIFF,NULL
DMKBA,N
DMLP,NULL
DMPI,NULL
DMRC,NULL
DMTK,NULL
DNAG,NULL
DNJR,N
DNK,N
DNKN,N
DNLI,NULL
DNN,NULL
DNOW,NULL
DNR,NULL
DNRG,NULL
DOC,N
DOCU,NULL
DOGZ,N
DOMO,NULL
DOOO,N
DOOR,NULL
DORM,NULL
DOV,NULL
DOW,NULL
DOX,NULL
DOYU,N
DPDW,NULL
DPW,NULL
DPZ,N
DQ,NULL
DRD,NULL
DRE,N
DRH,N
DRI,N
DRIO,NULL
DRNA,NULL
DRQ,NULL
DRRX,NULL
DRSV,N
DRTT,NULL
DRYN,NULL
DS,N
DSGX,NULL
DSKE,NULL
DSNY,NULL
DSPG,NULL
DSS,NULL
DSSI,NULL
DSVMF,NULL
DSWL,NULL
DSX,NULL
DT,NULL
DTE,NULL
DTEA,N
DTEGY,NULL
DTGI,NULL
DTIL,NULL
DTP,NULL
DTRC,NULL
DTSS,NULL
DTST,NULL
DUK,NULL
DUO,NULL
DUOT,NULL
DVAX,NULL
DVCR,NULL
DVD,N
DVN,NULL
DWSN,NULL
DX,N
DXC,NULL
DXCM,NULL
DXF,N
DXIEF,NULL
DXLG,NULL
DXPE,NULL
DXR,NULL
DXYN,NULL
DY,NULL
DYAI,NULL
DYFSF,NULL
DYNR,NULL
DYNT,NULL
DZSI,NULL
E,NULL
EA,N
EACC,N
EACO,NULL
EAF,NULL
EANRF,NULL
EAPH,NULL
EARN,N
EARS,NULL
EAST,N
EAT,N
EB,NULL
EBAY,NULL
EBF,NULL
EBIX,NULL
EBMT,N
EBR,NULL
EBR/B,NULL
EBS,NULL
EBSB,N
EBTC,N
EC,NULL
ECHO,NULL
ECIGQ,N
ECL,NULL
ECOL,NULL
ECOM,NULL
ECOP,NULL
ECOR,NULL
ECPG,N
ECT,NULL
ECUI,NULL
ED,NULL
EDAP,NULL
EDIT,NULL
EDN,NULL
EDNT,N
EDRY,NULL
EDSA,NULL
EDU,NULL
EDUC,NULL
EDVMF,NULL
EE,NULL
EEFT,NULL
EEVVF,NULL
EEX,N
EFBI,N
EFC,N
EFLVF,NULL
EFOI,NULL
EFSC,N
EFSI,N
EFTI,NULL
EFX,NULL
EGAN,NULL
EGBN,N
EGHT,NULL
EGIL,NULL
EGLE,NULL
EGO,NULL
EGOV,NULL
EGP,N
EGRX,NULL
EGTYF,NULL
EGY,NULL
EH,NULL
EHC,NULL
EHTH,N
EHYD,NULL
EIDX,NULL
EIG,NULL
EIGI,NULL
EIGR,NULL
EIX,NULL
EKSO,NULL
EL,NULL
ELA,N
ELAN,NULL
ELAT,NULL
ELF,NULL
ELGX,NULL
ELIXF,N
ELLO,NULL
ELMD,NULL
ELOX,NULL
ELP,NULL
ELRE,NULL
ELS,N
ELSE,NULL
ELTK,NULL
ELTP,NULL
ELVT,N
ELY,N
ELYGF,NULL
EMAN,NULL
EMBI,NULL
EMCF,N
EME,NULL
EMGC,N
EMHTF,NULL
EMKR,NULL
EML,NULL
EMMA,NULL
EMN,NULL
EMPK,N
EMPR,NULL
EMR,NULL
EMRN,NULL
EMX,NULL
EMYB,N
ENB,NULL
ENBL,NULL
ENBP,N
ENCS,NULL
ENCUF,NULL
ENDP,NULL
ENDV,NULL
ENG,NULL
ENGMF,NULL
ENIA,NULL
ENIC,NULL
ENLC,NULL
ENLV,NULL
ENOB,NULL
ENPH,NULL
ENR,NULL
ENS,NULL
ENSG,NULL
ENSV,NULL
ENT,N
ENTA,NULL
ENTG,NULL
ENTX,NULL
ENV,NULL
ENVA,N
ENZN,NULL
EOG,NULL
EOLS,NULL
EPAC,NULL
EPAM,NULL
EPAY,NULL
EPC,NULL
EPD,NULL
EPEO,NULL
EPGNY,NULL
EPIX,NULL
EPM,NULL
EPR,N
EPRT,N
EPSN,NULL
EPZM,NULL
EQ,NULL
EQBK,N
EQC,N
EQFN,N
EQH,N
EQIX,N
EQM,NULL
EQNR,NULL
EQR,N
EQT,NULL
EQX,NULL
ERA,NULL
ERF,NULL
ERHE,NULL
ERI,N
ERIC,NULL
ERIE,NULL
ERII,NULL
ERJ,NULL
ERLFF,NULL
EROS,N
ERUC,NULL
ERYP,NULL
ES,NULL
ESBA,N
ESBK,N
ESCA,N
ESE,NULL
ESEA,NULL
ESGR,N
ESI,NULL
ESLT,NULL
ESMC,NULL
ESNT,N
ESOA,NULL
ESP,NULL
ESPHQ,NULL
ESPR,NULL
ESQ,N
ESRT,N
ESS,N
ESSA,N
ESSI,NULL
ESTA,NULL
ESTC,NULL
ESTE,NULL
ESXB,N
ESYJY,NULL
ET,NULL
ETFC,N
ETH,NULL
ETHOF,NULL
ETM,N
ETN,NULL
ETNB,NULL
ETON,NULL
ETR,NULL
ETRN,NULL
ETST,NULL
ETSY,NULL
ETTX,NULL
EURN,NULL
EV,N
EVA,NULL
EVBG,NULL
EVBN,N
EVC,N
EVER,NULL
EVFM,NULL
EVGN,NULL
EVH,NULL
EVI,NULL
EVK,N
EVLO,NULL
EVOK,NULL
EVOL,NULL
EVOP,NULL
EVR,N
EVRG,NULL
EVRI,N
EVSI,NULL
EVTC,NULL
EW,NULL
EWBC,N
EWLL,NULL
EWLU,NULL
EXAS,NULL
EXC,NULL
EXDI,NULL
EXEL,NULL
EXEO,NULL
EXER,NULL
EXFO,NULL
EXK,NULL
EXLS,NULL
EXMGF,NULL
EXP,NULL
EXPD,NULL
EXPE,NULL
EXPFF,NULL
EXPGY,NULL
EXPH,NULL
EXPI,Y
EXPO,NULL
EXPR,NULL
EXR,N
EXROF,NULL
EXTN,NULL
EXTR,NULL
EYCCF,NULL
EYE,N
EYEG,NULL
EYEN,NULL
EYES,NULL
EYPT,NULL
EZPW,N
F,NULL
FACO,NULL
FAF,NULL
FALC,NULL
FAMI,NULL
FANG,NULL
FANH,N
FARM,NULL
FARO,NULL
FAST,NULL
FAT,N
FATE,NULL
FB,NULL
FBAK,N
FBC,N
FBHS,NULL
FBIO,NULL
FBIZ,N
FBK,N
FBM,NULL
FBMS,N
FBNC,N
FBP,N
FBPA,N
FBSS,N
FBTT,N
FC,NULL
FCAP,N
FCAU,NULL
FCBC,N
FCBP,N
FCCO,N
FCCY,N
FCEL,NULL
FCF,N
FCFS,N
FCN,NULL
FCNCA,N
FCPT,N
FCSMF,NULL
FCUUF,NULL
FCUV,NULL
FCX,NULL
FDBC,N
FDEF,N
FDEI,NULL
FDP,NULL
FDS,Y
FDUS,N
FDVA,N
FDX,NULL
FE,NULL
FEDU,NULL
FEIM,NULL
FELE,NULL
FENC,NULL
FENG,NULL
FERGY,NULL
FERL,N
FET,NULL
FETM,N
FEYE,NULL
FF,NULL
FFBC,N
FFBW,N
FFG,N
FFHL,NULL
FFIC,N
FFIN,N
FFIV,NULL
FFLWF,N
FFMGF,NULL
FFMR,N
FFNTF,NULL
FFNW,N
FFRMF,NULL
FFWM,N
FG,N
FGBI,N
FGEN,NULL
FHB,N
FHI,N
FHN,N
FI,NULL
FIBK,N
FICO,NULL
FINV,N
FIOGF,NULL
FIS,NULL
FISI,N
FISK,N
FISOF,NULL
FISV,NULL
FIT,NULL
FITB,N
FITX,NULL
FIVE,N
FIVN,NULL
FIX,NULL
FIXX,NULL
FIZZ,NULL
FKWL,NULL
FL,NULL
FLCX,NULL
FLDM,NULL
FLEX,NULL
FLIC,N
FLIR,NULL
FLL,N
FLMN,NULL
FLNG,NULL
FLNT,N
FLO,NULL
FLOOF,NULL
FLOW,NULL
FLR,NULL
FLS,NULL
FLT,NULL
FLURF,NULL
FLUX,NULL
FLWS,NULL
FLXN,NULL
FLXS,NULL
FLY,NULL
FLYLF,NULL
FMAO,N
FMBH,N
FMBI,N
FMBL,N
FMBM,N
FMC,NULL
FMCB,N
FMCC,N
FMNB,N
FMX,NULL
FN,NULL
FNB,N
FNCB,N
FND,NULL
FNF,NULL
FNGR,N
FNHC,NULL
FNJN,NULL
FNKO,NULL
FNLC,N
FNMA,N
FNRG,NULL
FNRN,N
FNV,NULL
FNWB,N
FOCS,N
FOE,NULL
FOLD,NULL
FONR,NULL
FOR,N
FORD,N
FORK,NULL
FORM,NULL
FORR,NULL
FORTY,NULL
FOSI,NULL
FOSL,N
FOX,N
FOXA,N
FOXF,NULL
FPAY,N
FPH,N
FPI,N
FPRX,NULL
FR,N
FRAF,N
FRAN,NULL
FRBA,N
FRBK,N
FRC,N
FRD,NULL
FREQ,NULL
FRERF,NULL
FREYY,NULL
FRG,N
FRGI,N
FRHC,N
FRLI,NULL
FRME,N
FRO,NULL
FRPH,N
FRPT,NULL
FRSB,N
FRSX,NULL
FRT,N
FRTA,NULL
FRTD,N
FSB,N
FSBW,N
FSCT,NULL
FSEA,N
FSFG,N
FSI,NULL
FSK,N
FSLR,NULL
FSLY,NULL
FSM,NULL
FSP,N
FSPM,NULL
FSS,NULL
FSTR,NULL
FSUGY,NULL
FSV,Y
FTAI,NULL
FTCH,NULL
FTDR,N
FTEK,NULL
FTFT,NULL
FTI,NULL
FTK,NULL
FTMDF,NULL
FTNT,NULL
FTS,NULL
FTSI,NULL
FTSSF,NULL
FTV,NULL
FUBO,NULL
FUL,NULL
FULC,NULL
FULT,N
FUN,N
FUNC,N
FUSB,N
FUTU,N
FUV,NULL
FVCB,N
FVE,NULL
FVRR,NULL
FVTI,NULL
FWONA,N
FWONB,N
FWONK,N
FWP,NULL
FWRD,NULL
FXNC,N
G,NULL
GABC,N
GAEC,NULL
GAIA,N
GAILY,NULL
GAIN,N
GALT,NULL
GARS,N
GARWF,NULL
GASS,NULL
GATGF,NULL
GATX,NULL
GAU,NULL
GAXY,NULL
GBCI,N
GBDC,N
GBL,N
GBLI,NULL
GBLX,NULL
GBOOY,N
GBR,NULL
GBT,NULL
GBX,NULL
GCAP,N
GCBC,N
GCI,NULL
GCO,NULL
GCP,NULL
GD,NULL
GDDY,NULL
GDEN,N
GDOT,N
GDP,NULL
GDRZF,NULL
GDS,NULL
GDYN,NULL
GE,NULL
GEC,N
GECC,N
GEF,NULL
GEF/B,NULL
GEL,NULL
GELV,NULL
GEN,NULL
GENC,NULL
GENE,NULL
GEO,N
GEOS,NULL
GEPC,N
GERN,NULL
GES,NULL
GEVO,NULL
GFED,N
GFF,NULL
GFGSF,NULL
GFI,NULL
GFL,NULL
GFLU,NULL
GFN,NULL
GGAL,N
GGB,NULL
GGBL,NULL
GGG,NULL
GGGOF,NULL
GGISF,NULL
GGTTF,NULL
GHC,NULL
GHG,N
GHL,N
GHM,NULL
GHSI,NULL
GIB,NULL
GIFI,NULL
GIGA,NULL
GIGM,N
GIII,N
GIL,N
GILD,NULL
GILT,NULL
GIS,NULL
GKIT,NULL
GKOS,NULL
GL,N
GLAD,N
GLAE,N
GLATF,NULL
GLBS,NULL
GLBXF,NULL
GLBZ,N
GLCC,NULL
GLDD,NULL
GLDFF,NULL
GLDLF,NULL
GLG,NULL
GLGDF,NULL
GLGI,NULL
GLIBA,NULL
GLIBB,NULL
GLLK,NULL
GLMD,NULL
GLNG,NULL
GLOB,NULL
GLOG,NULL
GLOP,NULL
GLP,NULL
GLPG,NULL
GLPI,N
GLRE,N
GLT,NULL
GLUU,N
GLVMF,NULL
GLW,NULL
GLXZ,N
GLYC,NULL
GM,NULL
GMAB,NULL
GMBL,N
GMDA,NULL
GME,NULL
GMED,NULL
GMLP,NULL
GMO,NULL
GMRE,N
GMS,NULL
GMSC,N
GNAL,NULL
GNBT,NULL
GNC,N
GNCA,NULL
GNE,NULL
GNFT,NULL
GNK,NULL
GNL,N
GNLN,NULL
GNMK,NULL
GNOLF,NULL
GNPR,N
GNPX,NULL
GNRC,NULL
GNRV,N
GNSS,NULL
GNTX,NULL
GNTY,N
GNUS,N
GNW,N
GO,NULL
GOGL,NULL
GOGO,NULL
GOL,NULL
GOLD,NULL
GOLF,N
GOOD,N
GOOG,NULL
GOOGL,NULL
GOOS,N
GORO,NULL
GOSS,NULL
GOTRF,NULL
GPC,NULL
GPHBF,NULL
GPHOF,NULL
GPI,NULL
GPK,NULL
GPL,NULL
GPMT,N
GPN,NULL
GPOR,NULL
GPP,NULL
GPRC,NULL
GPRE,NULL
GPRK,NULL
GPRO,NULL
GPS,NULL
GPTC,NULL
GPTRF,NULL
GPVRF,NULL
GPX,NULL
GPXM,NULL
GRA,NULL
GRAM,NULL
GRBK,NULL
GRC,NULL
GRCAF,NULL
GRFS,NULL
GRGR,NULL
GRIF,N
GRIL,N
GRIN,NULL
GRLB,NULL
GRMM,N
GRMN,NULL
GRNO,NULL
GRNQ,N
GROG,NULL
GROW,N
GRP/U,N
GRPN,NULL
GRRB,N
GRSLF,NULL
GRSU,NULL
GRTD,NULL
GRTS,NULL
GRTX,NULL
GRUB,NULL
GRVY,N
GRWC,N
GRWG,NULL
GRYN,NULL
GS,N
GSAT,NULL
GSB,NULL
GSBC,N
GSBD,N
GSH,NULL
GSHD,N
GSIL,NULL
GSIT,NULL
GSK,NULL
GSKY,NULL
GSL,NULL
GSM,NULL
GSPE,NULL
GSS,NULL
GSUM,NULL
GSV,NULL
GSX,NULL
GT,NULL
GTBAF,NULL
GTBIF,NULL
GTBP,NULL
GTCP,NULL
GTE,NULL
GTEC,NULL
GTES,NULL
GTGP,NULL
GTHX,NULL
GTIM,N
GTLS,NULL
GTMAY,NULL
GTN,N
GTN/A,N
GTS,NULL
GTT,NULL
GTX,NULL
GTY,N
GTYH,NULL
GURE,NULL
GV,NULL
GVA,NULL
GVP,NULL
GVXXF,NULL
GWB,N
GWGH,N
GWMGF,NULL
GWPH,NULL
GWRE,NULL
GWRS,NULL
GWTI,NULL
GWW,NULL
GWYT,N
GXSFF,NULL
GYRO,N
GZDIF,NULL
GZPFY,NULL
H,N
HA,NULL
HAE,NULL
HAFC,N
HAIN,NULL
HAL,NULL
HALL,NULL
HALO,NULL
HAPP,NULL
HARL,N
HARP,NULL
HAS,N
HASI,N
HAYN,NULL
HBAN,N
HBB,NULL
HBCP,N
HBI,N
HBIO,NULL
HBM,NULL
HBMD,N
HBNC,N
HBP,NULL
HBT,N
HCA,NULL
HCAP,N
HCAT,NULL
HCC,NULL
HCCI,NULL
HCFT,N
HCHC,NULL
HCI,NULL
HCKT,NULL
HCM,NULL
HCR,NULL
HCSG,NULL
HCTI,NULL
HCYT,NULL
HD,NULL
HDB,N
HDRSF,NULL
HDS,NULL
HDSN,NULL
HE,NULL
HEAR,NULL
HEBT,NULL
HEES,NULL
HEI,NULL
HEI/A,NULL
HEINY,NULL
HELE,NULL
HEOFF,NULL
HEP,NULL
HEPA,NULL
HERTF,NULL
HES,NULL
HESM,NULL
HESV,NULL
HEXO,NULL
HFBL,N
HFC,NULL
HFFG,NULL
HFWA,N
HGBL,N
HGEN,NULL
HGGOF,NULL
HGSH,N
HGTXU,NULL
HGV,N
HHC,N
HHHEF,NULL
HHR,NULL
HHS,N
HHT,NULL
HI,NULL
HIBB,N
HIFS,N
HIG,N
HIHO,NULL
HII,NULL
HIL,NULL
HIMX,NULL
HITIF,NULL
HIW,N
HJLI,NULL
HKBV,NULL
HKHHY,NULL
HKIB,N
HL,NULL
HLAN,N
HLF,NULL
HLG,NULL
HLI,N
HLIO,NULL
HLIT,NULL
HLIX,NULL
HLNE,N
HLT,N
HLX,NULL
HLYK,NULL
HMC,NULL
HMG,N
HMHC,NULL
HMI,NULL
HMLP,NULL
HMMR,NULL
HMN,N
HMNF,N
HMST,N
HMSY,NULL
HMTV,N
HMY,NULL
HNCKF,NULL
HNGR,NULL
HNI,NULL
HNNA,N
HNP,NULL
HNRG,NULL
HOFT,NULL
HOG,NULL
HOILF,NULL
HOLI,NULL
HOLX,NULL
HOMB,N
HOME,NULL
HON,NULL
HONE,N
HOOK,NULL
HOPE,N
HOTH,NULL
HOV,NULL
HP,NULL
HPE,NULL
HPP,N
HPQ,NULL
HPR,NULL
HPTO,NULL
HQDA,N
HQI,NULL
HQY,NULL
HR,N
HRB,N
HRC,NULL
HRI,NULL
HRL,NULL
HROW,NULL
HRSTD,NULL
HRTG,NULL
HRTX,NULL
HRVOF,NULL
HRVSF,NULL
HRZN,N
HSBC,N
HSBC/PA,N
HSBI,N
HSC,NULL
HSDT,NULL
HSHL,NULL
HSIC,NULL
HSII,NULL
HSKA,NULL
HSON,NULL
HST,N
HSTM,NULL
HSY,NULL
HT,N
HTA,N
HTBI,N
HTBK,N
HTBX,NULL
HTGC,N
HTGM,NULL
HTH,N
HTHT,N
HTLD,NULL
HTLF,N
HTPRF,NULL
HTRE,N
HTZ,NULL
HUBB,NULL
HUBG,NULL
HUBS,NULL
HUD,N
HUGE,NULL
HUIZ,N
HUM,NULL
HUN,NULL
HURC,NULL
HURN,NULL
HUSA,NULL
HUSN,N
HUTMF,NULL
HUYA,N
HVBC,N
HVBTF,NULL
HVT,NULL
HVT/A,NULL
HWBK,N
HWC,N
HWCC,NULL
HWKN,NULL
HWM,NULL
HX,N
HXL,NULL
HY,NULL
HYGN,NULL
HYHDF,NULL
HYHY,NULL
HYII,NULL
HYRE,N
HZN,NULL
HZNP,NULL
HZO,N
IAA,NULL
IAALF,NULL
IAC,NULL
IAG,NULL
IART,NULL
IBA,NULL
IBCP,N
IBIO,NULL
IBKC,N
IBKR,N
IBM,NULL
IBN,N
IBOC,N
IBOKY,N
IBP,NULL
IBTX,N
ICAD,NULL
ICBK,N
ICCC,NULL
ICCH,NULL
ICCT,NULL
ICD,NULL
ICE,Y
ICFI,NULL
ICHR,NULL
ICL,NULL
ICLK,N
ICLR,NULL
ICMB,N
ICNAF,NULL
ICNB,N
ICON,N
ICOTF,NULL
ICPT,NULL
ICTSF,NULL
ICUI,NULL
IDA,NULL
IDCC,NULL
IDEX,NULL
IDN,NULL
IDRA,NULL
IDT,NULL
IDTY,NULL
IDVC,NULL
IDXX,NULL
IDYA,NULL
IEA,NULL
IEC,NULL
IEHC,NULL
IEP,NULL
IESC,NULL
IESFY,NULL
IEVM,NULL
IEX,NULL
IFF,NULL
IFFT,NULL
IFMK,NULL
IFNNY,NULL
IFRTF,NULL
IFRX,NULL
IFS,N
IGAP,NULL
IGC,NULL
IGEN,NULL
IGIC,NULL
IGMS,NULL
IGPG,NULL
IGT,N
IGXT,NULL
IHC,N
IHG,N
IHRT,N
IHT,N
III,NULL
IIIN,NULL
IIIV,NULL
IIN,NULL
IINX,NULL
IIPR,N
IIVI,NULL
IKNX,NULL
ILAL,N
ILATF,NULL
ILMN,NULL
ILPT,N
IMAB,NULL
IMAC,NULL
IMAHF,NULL
IMAX,N
IMBBY,N
IMBI,NULL
IMEXF,NULL
IMGN,NULL
IMH,N
IMII,NULL
IMKTA,NULL
IMLFF,NULL
IMMB,NULL
IMMP,NULL
IMMR,NULL
IMMU,NULL
IMO,NULL
IMOS,NULL
IMPUY,NULL
IMRA,NULL
IMRN,NULL
IMTE,NULL
IMUX,NULL
IMV,NULL
IMVT,NULL
IMVTU,NULL
IMXI,NULL
INBK,N
INBP,NULL
INCY,NULL
INDB,N
INDO,NULL
INDXF,NULL
INFI,NULL
INFN,NULL
INFO,NULL
INFY,NULL
ING,N
INGN,NULL
INGR,NULL
INIS,NULL
INIX,N
INLAF,NULL
INLX,NULL
INMB,NULL
INMD,NULL
INN,N
INO,NULL
INOD,NULL
INOV,NULL
INPX,NULL
INS,NULL
INSE,N
INSG,NULL
INSM,NULL
INSP,NULL
INSW,NULL
INT,NULL
INTC,NULL
INTG,N
INTI,NULL
INTL,N
INTT,NULL
INTU,NULL
INTV,NULL
INTZ,NULL
INUV,NULL
INVA,NULL
INVE,NULL
INVH,N
INVO,NULL
INVU,NULL
INWK,NULL
INXSF,NULL
IO,NULL
IONS,NULL
IOR,N
IOSP,NULL
IOTC,NULL
IOTS,NULL
IOVA,NULL
IP,NULL
IPAH,NULL
IPAR,NULL
IPATF,NULL
IPCIF,NULL
IPDN,NULL
IPG,N
IPGP,NULL
IPHA,NULL
IPHI,NULL
IPI,NULL
IPIX,NULL
IPOOF,NULL
IPWR,NULL
IQ,N
IQV,NULL
IR,NULL
IRBT,NULL
IRCP,N
IRDM,NULL
IRET,N
IRIX,NULL
IRM,N
IRMD,NULL
IROQ,N
IRRZF,NULL
IRS,N
IRT,N
IRTC,NULL
IRWD,NULL
ISBA,N
ISBC,N
ISCO,NULL
ISDR,NULL
ISEE,NULL
ISENF,NULL
ISIG,N
ISNS,NULL
ISOLF,NULL
ISON,NULL
ISR,NULL
ISRG,NULL
ISRJF,NULL
ISSC,NULL
ISTR,N
IT,NULL
ITCB,N
ITCI,NULL
ITEC,NULL
ITGR,NULL
ITHUF,NULL
ITI,NULL
ITIC,NULL
ITMR,NULL
ITP,NULL
ITRI,NULL
ITRM,NULL
ITRN,NULL
ITT,NULL
ITUB,N
ITW,NULL
IVAC,NULL
IVC,NULL
IVDN,N
IVFH,NULL
IVPAF,NULL
IVR,N
IVZ,N
IWBB,NULL
IWSY,NULL
IX,N
IXEH,NULL
IXOG,NULL
IZEA,NULL
J,NULL
JACK,N
JAGX,NULL
JAKK,N
JAN,NULL
JASN,NULL
JAX,N
JAZZ,NULL
JBGS,N
JBHT,NULL
JBL,NULL
JBLU,NULL
JBSAY,NULL
JBSS,NULL
JBT,NULL
JCAP,N
JCI,NULL
JCOM,NULL
JCS,NULL
JCTCF,NULL
JD,NULL
JDVB,N
JE,NULL
JEF,N
JELD,NULL
JFBC,N
JFIN,N
JFU,NULL
JG,NULL
JGLDF,NULL
JHG,N
JHX,NULL
JILL,NULL
JJSF,NULL
JKHY,NULL
JKS,NULL
JKSM,NULL
JLL,Y
JMIA,NULL
JMP,N
JMSB,N
JNCE,NULL
JNJ,NULL
JNPR,NULL
JOB,NULL
JOBS,NULL
JOE,N
JOUT,N
JP,N
JPM,N
JPOTD,N
JRJC,N
JRNGF,NULL
JRSH,N
JRVMF,NULL
JRVR,NULL
JSAIY,NULL
JSDA,NULL
JSFCY,NULL
JT,N
JUSHF,NULL
JVA,NULL
JW/A,NULL
JW/B,NULL
JWN,NULL
JYNT,NULL
K,NULL
KAI,NULL
KALA,NULL
KALU,NULL
KALV,NULL
KAMN,NULL
KAR,NULL
KAYS,NULL
KB,N
KBAL,NULL
KBH,NULL
KBLB,NULL
KBPH,N
KBR,NULL
KBSF,N
KC,NULL
KCLI,N
KDCE,NULL
KDMN,NULL
KDP,NULL
KE,NULL
KELYA,NULL
KELYB,NULL
KEM,NULL
KEN,NULL
KEP,NULL
KEQU,NULL
KERMF,NULL
KERN,NULL
KEX,NULL
KEY,N
KEYS,NULL
KFFB,N
KFRC,NULL
KFS,NULL
KFY,NULL
KGC,NULL
KGET,NULL
KGFHF,NULL
KGFHY,NULL
KGJI,N
KGKG,NULL
KHC,NULL
KHRNF,NULL
KIDS,NULL
KIM,N
KIN,NULL
KINS,NULL
KIQ,NULL
KIRK,NULL
KISB,N
KITL,N
KKR,N
KL,NULL
KLAC,NULL
KLDO,NULL
KLEG,NULL
KLFE,NULL
KLIC,NULL
KLR,NULL
KLXE,NULL
KMAG,NULL
KMB,NULL
KMDA,NULL
KMI,NULL
KMPH,NULL
KMPR,NULL
KMT,NULL
KMX,NULL
KN,NULL
KNBIF,NULL
KNDI,NULL
KNL,NULL
KNOP,NULL
KNRLF,NULL
KNSA,NULL
KNSL,NULL
KNTNF,NULL
KNWN,NULL
KNX,NULL
KO,NULL
KOAN,NULL
KOD,NULL
KODK,NULL
KOF,NULL
KOP,NULL
KOPN,NULL
KOREF,NULL
KOS,NULL
KOSS,NULL
KOVR,NULL
KPIFF,NULL
KPTI,NULL
KR,NULL
KRA,NULL
KRC,N
KREF,N
KRG,N
KRKNF,NULL
KRKR,NULL
KRMD,NULL
KRNT,NULL
KRNY,N
KRO,NULL
KROS,NULL
KRP,NULL
KRTX,NULL
KRUS,N
KRYS,NULL
KSHB,NULL
KSS,NULL
KSU,NULL
KT,NULL
KTB,N
KTCC,NULL
KTGDF,NULL
KTHN,N
KTOS,NULL
KTOV,NULL
KTYB,N
KULR,NULL
KURA,NULL
KVHI,NULL
KW,N
KWBT,NULL
KWR,NULL
KXIN,NULL
KZIA,NULL
KZR,NULL
L,NULL
LAC,NULL
LAD,NULL
LADR,N
LAIX,NULL
LAKE,N
LAMR,N
LANC,NULL
LAND,N
LARK,N
LASR,NULL
LAUR,NULL
LAWS,NULL
LAZ,N
LAZY,NULL
LB,NULL
LBAI,N
LBC,N
LBCMF,NULL
LBRDA,N
LBRDB,N
LBRDK,N
LBRT,NULL
LBTYA,N
LBTYB,N
LBTYK,N
LBUY,NULL
LBY,NULL
LBYE,NULL
LC,N
LCI,NULL
LCII,NULL
LCNB,N
LCTX,NULL
LCUT,NULL
LDHL,N
LDL,NULL
LDOS,NULL
LE,NULL
LEA,NULL
LEAF,NULL
LEAI,NULL
LEAT,N
LECO,NULL
LEDS,NULL
LEE,NULL
LEG,NULL
LEGH,NULL
LEJU,NULL
LEMIF,NULL
LEN,NULL
LEN/B,NULL
LEU,NULL
LEVI,N
LEVL,N
LFC,N
LFCOF,NULL
LFER,NULL
LFGP,N
LFUS,NULL
LFVN,NULL
LGF/A,N
LGF/B,N
LGIH,NULL
LGL,NULL
LGND,NULL
LGORF,NULL
LHRP,NULL
LHSIF,NULL
LHX,NULL
LIACF,NULL
LIFE,NULL
LII,NULL
LILA,N
LILAK,N
LIN,NULL
LINC,NULL
LIND,N
LINX,NULL
LIQT,NULL
LITB,NULL
LITE,NULL
LIVC,NULL
LIVE,NULL
LIVN,NULL
LIVX,N
LIXT,NULL
LIZI,N
LJPC,NULL
LK,N
LKCO,NULL
LKFN,N
LKQ,NULL
LL,NULL
LLEX,NULL
LLIT,NULL
LLNW,NULL
LLY,NULL
LM,N
LMAT,NULL
LMB,NULL
LMFA,N
LMGDF,NULL
LMNL,NULL
LMNR,NULL
LMNX,NULL
LMPX,NULL
LMRK,N
LMRMF,NULL
LMSQF,NULL
LMST,N
LMT,NULL
LN,NULL
LNC,N
LND,NULL
LNDC,NULL
LNG,NULL
LNN,NULL
LNT,NULL
LNTH,NULL
LOAN,N
LOB,N
LOCO,N
LODE,NULL
LOGC,NULL
LOGI,NULL
LOGM,NULL
LOMA,NULL
LOMLF,NULL
LONCF,NULL
LONE,NULL
LOOP,NULL
LOPE,NULL
LORL,N
LOV,NULL
LOVE,NULL
LOVFF,NULL
LOW,NULL
LPCN,NULL
LPG,NULL
LPI,NULL
LPL,NULL
LPLA,N
LPPPF,NULL
LPSN,NULL
LPTH,NULL
LPTX,NULL
LPX,NULL
LQDA,NULL
LQDT,NULL
LQMT,NULL
LRCX,NULL
LRN,NULL
LSBK,N
LSCC,NULL
LSI,N
LSTR,NULL
LSXMA,N
LSXMB,N
LSXMK,N
LSYN,NULL
LTBR,NULL
LTC,N
LTHM,NULL
LTM,NULL
LTMCF,NULL
LTRPA,NULL
LTRPB,NULL
LTRX,NULL
LTUM,NULL
LUB,N
LULU,N
LUMO,NULL
LUNA,NULL
LUV,NULL
LVCLY,NULL
LVCNF,NULL
LVGO,NULL
LVS,N
LW,NULL
LWAY,NULL
LWLG,NULL
LX,N
LXFR,NULL
LXP,N
LXRP,NULL
LXRX,NULL
LXU,NULL
LXXGF,NULL
LYB,NULL
LYBC,N
LYFT,NULL
LYG,N
LYL,N
LYNS,NULL
LYTS,NULL
LYV,N
LZB,NULL
LZRFY,NULL
M,NULL
MA,NULL
MAA,N
MAC,N
MACE,NULL
MACK,NULL
MAG,NULL
MAGS,NULL
MAIN,N
MAKOF,NULL
MAKSY,NULL
MAN,NULL
MANH,NULL
MANT,NULL
MANU,N
MAR,N
MARA,NULL
MARK,NULL
MARPS,NULL
MAS,NULL
MASI,NULL
MAT,N
MATN,NULL
MATW,NULL
MATX,NULL
MAXR,NULL
MAYS,N
MBAIF,NULL
MBCN,N
MBI,NULL
MBII,NULL
MBIN,N
MBIO,NULL
MBOT,NULL
MBRX,NULL
MBT,NULL
MBUU,N
MBWM,N
MC,N
MCB,N
MCBC,N
MCBI,N
MCBS,N
MCC,N
MCD,N
MCEP,NULL
MCF,NULL
MCFT,N
MCHP,NULL
MCHX,N
MCK,NULL
MCLDF,NULL
MCO,Y
MCRB,NULL
MCRI,N
MCS,N
MCY,NULL
MCZAF,NULL
MDB,NULL
MDC,NULL
MDCA,N
MDGL,NULL
MDGS,NULL
MDIA,N
MDJH,Y
MDLA,NULL
MDLY,N
MDLZ,NULL
MDNAF,NULL
MDP,NULL
MDRPF,NULL
MDRR,N
MDRX,NULL
MDT,NULL
MDU,NULL
MDWD,NULL
MDXL,NULL
MEC,NULL
MED,NULL
MEDIF,NULL
MEDP,NULL
MEDS,NULL
MEEC,NULL
MEET,NULL
MEI,NULL
MEIP,NULL
MELI,NULL
MEOH,NULL
MERC,NULL
MESA,NULL
MESO,NULL
MET,N
METC,NULL
METX,NULL
MEXGF,NULL
MFA,N
MFC,N
MFG,N
MFGP,NULL
MFH,NULL
MFIN,N
MFNC,N
MFON,NULL
MG,NULL
MGA,NULL
MGDPF,NULL
MGEE,NULL
MGEN,NULL
MGHCF,N
MGI,NULL
MGIC,NULL
MGLN,NULL
MGLQF,NULL
MGM,N
MGMLF,NULL
MGNX,NULL
MGP,N
MGPHF,NULL
MGPI,N
MGRC,NULL
MGTA,NULL
MGTI,NULL
MGTX,NULL
MGWFF,NULL
MGY,NULL
MGYR,N
MHGI,N
MHGU,N
MHH,NULL
MHK,NULL
MHLD,N
MHO,NULL
MHTX,NULL
MIC,NULL
MICR,NULL
MICT,NULL
MIDD,NULL
MIK,N
MIME,NULL
MIMNF,NULL
MIMZF,NULL
MIND,NULL
MINI,NULL
MIRM,NULL
MIST,NULL
MISVF,NULL
MITI,NULL
MITK,NULL
MITO,NULL
MITT,N
MIXT,NULL
MJARF,NULL
MJCO,NULL
MKC,NULL
MKC/V,NULL
MKD,NULL
MKGI,NULL
MKL,NULL
MKRS,NULL
MKSEF,NULL
MKSI,NULL
MKTX,Y
MLAB,NULL
MLCO,N
MLGCF,NULL
MLHR,NULL
MLI,NULL
MLLLF,N
MLM,NULL
MLND,NULL
MLNLF,NULL
MLP,N
MLR,NULL
MLRKF,NULL
MLRUY,NULL
MLSS,NULL
MLVF,N
MLYF,NULL
MMAC,N
MMC,N
MMI,Y
MMIO,NULL
MMJFF,NULL
MMLP,NULL
MMM,NULL
MMMB,NULL
MMND,N
MMNFF,NULL
MMP,NULL
MMRF,NULL
MMRGF,NULL
MMS,NULL
MMSI,NULL
MMTIF,NULL
MMX,NULL
MMYT,NULL
MN,N
MNAT,N
MNBP,N
MNDJD,NULL
MNDO,NULL
MNK,NULL
MNKD,NULL
MNLO,NULL
MNMB,N
MNOV,NULL
MNPR,NULL
MNR,N
MNRL,NULL
MNRLF,NULL
MNRO,NULL
MNSB,N
MNST,NULL
MNTA,NULL
MNTX,NULL
MNZO,NULL
MO,N
MOBL,NULL
MOBQ,N
MOD,NULL
MODC,N
MODN,NULL
MOFG,N
MOG/A,NULL
MOG/B,NULL
MOGO,N
MOGU,NULL
MOH,NULL
MOHO,NULL
MOMO,NULL
MOR,NULL
MORF,NULL
MORN,Y
MOS,NULL
MOST,NULL
MOSY,NULL
MOTS,NULL
MOV,N
MOXC,NULL
MPAA,NULL
MPB,N
MPC,NULL
MPIR,NULL
MPLX,NULL
MPW,N
MPWR,NULL
MPX,N
MPXOF,NULL
MR,NULL
MRAM,NULL
MRBK,N
MRC,NULL
MRCC,N
MRCY,NULL
MREO,NULL
MRIN,NULL
MRK,NULL
MRKR,NULL
MRLN,N
MRMD,NULL
MRNA,NULL
MRNS,NULL
MRO,NULL
MRSN,NULL
MRTN,NULL
MRTX,NULL
MRUS,NULL
MRVL,NULL
MRZM,NULL
MS,N
MSA,NULL
MSB,NULL
MSBF,N
MSBI,N
MSC,N
MSCI,Y
MSEX,NULL
MSFT,NULL
MSGE,N
MSGN,N
MSGS,N
MSI,NULL
MSM,NULL
MSN,NULL
MSON,NULL
MSTG,NULL
MSTR,NULL
MSVB,N
MT,NULL
MTA,NULL
MTB,N
MTBC,NULL
MTC,NULL
MTCH,NULL
MTD,NULL
MTDR,NULL
MTEM,NULL
MTENY,NULL
MTEX,NULL
MTG,N
MTH,NULL
MTL,NULL
MTL/P,NULL
MTLFF,NULL
MTLS,NULL
MTN,N
MTNB,NULL
MTOR,NULL
MTP,NULL
MTR,NULL
MTRN,NULL
MTRO,NULL
MTRX,NULL
MTSC,NULL
MTSI,NULL
MTSL,NULL
MTW,NULL
MTX,NULL
MTZ,NULL
MU,NULL
MUFG,N
MUR,NULL
MUSA,NULL
MUX,NULL
MVBF,N
MVC,N
MVIS,NULL
MVLY,N
MVO,NULL
MWA,NULL
MWK,NULL
MWXRF,NULL
MX,NULL
MXC,NULL
MXIM,NULL
MXL,NULL
MXMTY,NULL
MYE,NULL
MYFW,N
MYGN,NULL
MYHI,NULL
MYL,NULL
MYMX,NULL
MYO,NULL
MYOK,NULL
MYOS,NULL
MYOV,NULL
MYRG,NULL
MYSZ,NULL
MYT,NULL
NAII,NULL
NAK,NULL
NAKD,N
NANX,NULL
NAOV,NULL
NASB,N
NAT,NULL
NATH,N
NATI,NULL
NATR,NULL
NATUF,NULL
NAUH,NULL
NAV,NULL
NAVB,NULL
NAVI,N
NBDR,N
NBEV,NULL
NBHC,N
NBIX,NULL
NBL,NULL
NBLX,NULL
NBN,N
NBR,NULL
NBRV,NULL
NBSE,NULL
NBTB,N
NBY,NULL
NC,NULL
NCBS,N
NCLH,N
NCMI,N
NCNA,NULL
NCPCF,NULL
NCR,NULL
NCSM,NULL
NCTW,NULL
NCTY,N
NDAQ,Y
NDEND,NULL
NDLS,N
NDRA,NULL
NDSN,NULL
NDVAF,NULL
NDVN,NULL
NE,NULL
NEE,NULL
NEE/PO,NULL
NEE/PP,NULL
NEM,NULL
NEN,N
NEO,NULL
NEOG,NULL
NEON,NULL
NEOS,NULL
NEP,NULL
NEPH,NULL
NEPT,NULL
NERV,NULL
NES,NULL
NESR,NULL
NET,NULL
NETE,NULL
NEU,NULL
NEW,NULL
NEWA,NULL
NEWR,NULL
NEWT,N
NEX,NULL
NEXA,NULL
NEXCF,NULL
NEXT,NULL
NFBK,N
NFE,NULL
NFG,NULL
NFH,NULL
NFLX,N
NG,NULL
NGD,NULL
NGENF,NULL
NGG,NULL
NGHC,N
NGL,NULL
NGLOY,NULL
NGM,NULL
NGPHF,NULL
NGS,NULL
NGVC,NULL
NGVT,NULL
NH,NULL
NHC,NULL
NHEL,NULL
NHI,N
NHLD,N
NHTC,NULL
NHYDY,NULL
NI,NULL
NICE,NULL
NICK,N
NIDB,N
NINE,NULL
NIO,NULL
NIOBF,NULL
NISQY,NULL
NIU,NULL
NJMC,NULL
NJR,NULL
NK,NULL
NKE,NULL
NKSH,N
NKTR,NULL
NL,NULL
NLOK,NULL
NLS,N
NLSN,NULL
NLST,NULL
NLTX,NULL
NLY,N
NM,NULL
NMCI,NULL
NMFC,N
NMGRF,NULL
NMIH,N
NMM,NULL
NMR,N
NMRD,NULL
NMRK,Y
NMTC,NULL
NMTLF,NULL
NMTR,NULL
NNA,NULL
NNBR,NULL
NNDM,NULL
NNI,N
NNN,N
NNVC,NULL
NNXPF,NULL
NOA,NULL
NOAH,N
NOBH,NULL
NOC,NULL
NODK,NULL
NOG,NULL
NOK,NULL
NOMD,NULL
NORZF,NULL
NOV,NULL
NOVA,NULL
NOVN,NULL
NOVT,NULL
NOW,NULL
NP,NULL
NPK,NULL
NPO,NULL
NPTN,NULL
NR,NULL
NRBO,NULL
NREF,N
NRG,NULL
NRGMF,NULL
NRGOF,NULL
NRIFF,NULL
NRIM,N
NRIS,NULL
NROM,N
NRP,NULL
NRT,NULL
NRXCF,NULL
NRZ,N
NS,NULL
NSA,N
NSC,NULL
NSCIF,NULL
NSCO,NULL
NSEC,NULL
NSEO,NULL
NSFDF,NULL
NSIT,NULL
NSP,NULL
NSPDF,NULL
NSPR,NULL
NSRCF,NULL
NSRPF,NULL
NSSC,NULL
NSTG,NULL
NSUPF,NULL
NSYS,NULL
NTAP,NULL
NTB,N
NTCO,NULL
NTCT,NULL
NTEC,NULL
NTES,N
NTGR,NULL
NTGSF,NULL
NTIC,NULL
NTIP,NULL
NTLA,NULL
NTN,N
NTNX,NULL
NTOX,NULL
NTP,N
NTR,NULL
NTRA,NULL
NTRB,NULL
NTRP,NULL
NTRS,N
NTRU,NULL
NTSFF,NULL
NTTHF,NULL
NTUR,NULL
NTUS,NULL
NTWK,NULL
NTZ,NULL
NUAN,NULL
NUE,NULL
NUGS,NULL
NULGF,NULL
NUPMF,NULL
NURO,NULL
NUS,NULL
NUVA,NULL
NUVR,NULL
NUZE,NULL
NVAX,NULL
NVCN,NULL
NVCR,NULL
NVDA,NULL
NVDEF,NULL
NVEC,NULL
NVEE,NULL
NVFY,NULL
NVGS,NULL
NVIC,NULL
NVIV,NULL
NVMI,NULL
NVO,NULL
NVR,NULL
NVRO,NULL
NVS,NULL
NVSKL,NULL
NVST,NULL
NVT,NULL
NVTA,NULL
NVTQF,NULL
NVUS,NULL
NWBI,N
NWBO,NULL
NWE,NULL
NWFL,N
NWGI,N
NWGN,NULL
NWHM,NULL
NWL,NULL
NWLI,N
NWN,NULL
NWPX,NULL
NWS,NULL
NWSA,NULL
NWYF,N
NWYU,NULL
NX,NULL
NXE,NULL
NXEN,NULL
NXGN,NULL
NXGWF,NULL
NXOPF,NULL
NXPI,NULL
NXRA,NULL
NXRT,N
NXST,N
NXTC,NULL
NXTD,NULL
NXTTF,NULL
NYCB,N
NYMT,N
NYMX,NULL
NYT,NULL
O,N
OAS,NULL
OBAS,N
OBCI,NULL
OBELF,NULL
OBLG,NULL
OBLN,NULL
OBNK,N
OBSV,NULL
OC,NULL
OCBI,N
OCC,NULL
OCFC,N
OCFN,N
OCFT,NULL
OCGN,NULL
OCN,N
OCNSF,NULL
OCSI,N
OCSL,N
OCUL,NULL
OCX,NULL
ODC,NULL
ODFL,NULL
ODP,N
ODT,NULL
OEC,NULL
OEG,NULL
OESX,NULL
OFC,N
OFED,N
OFG,N
OFIX,NULL
OFLX,NULL
OFS,N
OGCP,N
OGE,NULL
OGEN,NULL
OGI,NULL
OGNG,NULL
OGS,NULL
OHI,N
OI,NULL
OIBR/C,NULL
OII,NULL
OIIM,NULL
OILFF,NULL
OIS,NULL
OKE,NULL
OKTA,NULL
OLED,NULL
OLLI,NULL
OLMM,NULL
OLN,NULL
OLNCF,NULL
OLP,N
OMAB,NULL
OMBP,NULL
OMC,N
OMCL,NULL
OMER,NULL
OMEX,NULL
OMF,N
OMI,NULL
OMP,NULL
OMQS,NULL
OMSH,NULL
OMTK,NULL
OMZNF,NULL
ON,NULL
ONB,N
ONCS,NULL
ONCT,NULL
ONCY,NULL
ONDK,N
ONDS,NULL
ONE,NULL
ONEW,NULL
ONTO,NULL
ONTX,NULL
ONVC,N
ONVO,NULL
OOIL,NULL
OOMA,NULL
OPB,N
OPBK,N
OPGN,NULL
OPHC,N
OPHI,NULL
OPI,N
OPK,NULL
OPMG,NULL
OPNT,NULL
OPOF,N
OPRA,NULL
OPRT,N
OPRX,NULL
OPSSF,NULL
OPTN,NULL
OPTT,NULL
OPVS,NULL
OPXS,NULL
OPY,N
OR,NULL
ORA,NULL
ORAN,NULL
ORBC,NULL
ORC,N
ORCC,N
ORCL,NULL
ORGO,NULL
ORGS,NULL
ORI,NULL
ORIC,NULL
ORLY,NULL
ORMNF,NULL
ORMP,NULL
ORN,NULL
ORRF,N
ORTX,NULL
ORZCF,NULL
OSAT,NULL
OSB,NULL
OSBC,N
OSG,NULL
OSIS,NULL
OSK,NULL
OSMT,NULL
OSN,NULL
OSPN,NULL
OSS,NULL
OSSIF,NULL
OSTK,NULL
OSUR,NULL
OSW,N
OTCM,Y
OTEL,NULL
OTEX,NULL
OTIC,NULL
OTIS,NULL
OTIVF,NULL
OTLK,NULL
OTTR,NULL
OTTW,N
OUT,N
OVBC,N
OVID,NULL
OVLY,N
OVTZ,NULL
OVV,NULL
OXBR,N
OXFD,NULL
OXM,N
OXSQ,N
OXY,NULL
OYST,NULL
OZK,N
PAA,NULL
PAAS,NULL
PABN,N
PAC,NULL
PACB,NULL
PACD,NULL
PACK,NULL
PACQF,N
PACW,N
PAE,NULL
PAG,NULL
PAGP,NULL
PAGS,NULL
PAHC,NULL
PALT,NULL
PAM,NULL
PANC,NULL
PANL,NULL
PANW,NULL
PAR,NULL
PARR,NULL
PASG,NULL
PATI,NULL
PATK,NULL
PAVM,NULL
PAYC,NULL
PAYS,NULL
PAYX,NULL
PB,N
PBA,NULL
PBAM,N
PBCT,N
PBF,NULL
PBFS,N
PBFX,NULL
PBH,NULL
PBHC,N
PBI,NULL
PBIO,NULL
PBIP,N
PBNK,N
PBPB,N
PBR,NULL
PBR/A,NULL
PBSV,NULL
PBT,NULL
PBTS,NULL
PBYI,NULL
PCAR,NULL
PCB,N
PCG,NULL
PCH,N
PCOM,NULL
PCRCF,NULL
PCRX,NULL
PCSA,NULL
PCSB,N
PCTI,NULL
PCTY,NULL
PCYG,NULL
PCYO,NULL
PD,NULL
PDCE,NULL
PDCO,NULL
PDD,NULL
PDDPF,NULL
PDEX,NULL
PDFS,NULL
PDLB,N
PDLI,NULL
PDM,N
PDPTF,NULL
PDS,NULL
PDSB,NULL
PE,NULL
PEAK,N
PEB,N
PEBK,N
PEBO,N
PECK,NULL
PED,NULL
PEG,NULL
PEGA,NULL
PEI,N
PEIX,NULL
PEMIF,NULL
PEN,NULL
PENN,N
PEP,NULL
PER,NULL
PERI,N
PESI,NULL
PETQ,NULL
PETS,NULL
PETV,NULL
PETZ,NULL
PEYE,NULL
PFBC,N
PFBI,N
PFBX,N
PFE,NULL
PFG,N
PFGC,NULL
PFHD,N
PFHO,NULL
PFIE,NULL
PFIN,NULL
PFIS,N
PFLC,N
PFLT,N
PFMT,NULL
PFNX,NULL
PFPT,NULL
PFS,N
PFSI,N
PFSW,NULL
PFTI,NULL
PG,NULL
PGC,N
PGEN,NULL
PGEZF,NULL
PGFY,NULL
PGGG,N
PGIE,NULL
PGNX,NULL
PGNY,NULL
PGOL,NULL
PGPM,NULL
PGR,NULL
PGRE,N
PGTI,NULL
PGTK,NULL
PGYC,NULL
PH,NULL
PHAS,NULL
PHAT,NULL
PHCF,N
PHG,NULL
PHGE,NULL
PHGE/U,NULL
PHI,NULL
PHIO,NULL
PHM,NULL
PHMB,NULL
PHOT,NULL
PHR,NULL
PHUN,NULL
PHVAF,NULL
PHX,NULL
PI,NULL
PICO,NULL
PIH,NULL
PII,N
PINE,N
PING,NULL
PINS,NULL
PIPI,NULL
PIPR,N
PIRS,NULL
PIXY,NULL
PJT,N
PK,N
PKBK,N
PKE,NULL
PKG,NULL
PKI,NULL
PKKW,N
PKLBF,NULL
PKOH,NULL
PKSLF,NULL
PKTX,NULL
PKX,NULL
PLAB,NULL
PLAG,NULL
PLAN,NULL
PLAY,N
PLBC,N
PLBN,N
PLCE,NULL
PLD,N
PLG,NULL
PLIN,NULL
PLL,NULL
PLM,NULL
PLMR,NULL
PLNHF,NULL
PLNT,N
PLOW,NULL
PLPC,NULL
PLPRF,NULL
PLSB,NULL
PLSDF,NULL
PLSE,NULL
PLT,NULL
PLUG,NULL
PLUS,NULL
PLUUF,NULL
PLX,NULL
PLXP,NULL
PLXS,NULL
PLYA,N
PLYM,N
PM,N
PMAH,NULL
PMBC,N
PMCB,NULL
PMCCF,NULL
PMDP,NULL
PME,NULL
PMHG,N
PMT,N
PMTS,NULL
PMXX,NULL
PNBK,N
PNC,N
PNDHF,NULL
PNFP,N
PNGB,N
PNM,NULL
PNNT,N
PNPL,NULL
PNR,NULL
PNRG,NULL
PNTG,NULL
PNW,NULL
PNXLF,NULL
PNYTF,NULL
POAI,NULL
PODD,NULL
POETF,NULL
POL,NULL
POLA,NULL
POLR,NULL
POOL,NULL
POR,NULL
POST,NULL
POWI,NULL
POWL,NULL
PPBI,N
PPBN,N
PPC,NULL
PPCB,NULL
PPD,NULL
PPG,NULL
PPHI,NULL
PPIH,NULL
PPL,NULL
PPMH,NULL
PPSI,NULL
PQG,NULL
PRA,NULL
PRAA,N
PRAH,NULL
PRCP,NULL
PRDO,NULL
PRED,NULL
PRFT,NULL
PRGO,NULL
PRGS,NULL
PRGX,NULL
PRHB,NULL
PRI,N
PRIEF,NULL
PRIM,NULL
PRK,N
PRKR,NULL
PRLB,NULL
PRLX,NULL
PRMNF,NULL
PRMW,NULL
PRNB,NULL
PRO,NULL
PROBF,NULL
PROF,NULL
PROS,NULL
PROV,N
PRPH,NULL
PRPL,NULL
PRQR,NULL
PRSP,NULL
PRT,NULL
PRTA,NULL
PRTH,NULL
PRTK,NULL
PRTS,NULL
PRTY,N
PRU,N
PRVB,NULL
PRVL,NULL
PS,NULL
PSA,N
PSB,N
PSBQ,N
PSEC,N
PSHG,NULL
PSHIF,NULL
PSIQ,NULL
PSMT,NULL
PSN,NULL
PSNL,NULL
PSO,NULL
PSTG,NULL
PSTI,NULL
PSTL,N
PSTV,NULL
PSV,NULL
PSX,NULL
PSXP,NULL
PT,N
PTC,NULL
PTCT,NULL
PTE,NULL
PTEN,NULL
PTGX,NULL
PTI,NULL
PTIX,NULL
PTLA,NULL
PTMN,N
PTN,NULL
PTNR,NULL
PTOI,NULL
PTON,N
PTOTF,NULL
PTR,NULL
PTRUF,NULL
PTSI,NULL
PTVCA,NULL
PTVCB,NULL
PUB,N
PUBC,NULL
PUBGY,N
PUDA,NULL
PUK,N
PULM,NULL
PUMP,NULL
PURE,NULL
PUYI,N
PVAC,NULL
PVBC,N
PVCT,NULL
PVG,NULL
PVH,N
PVL,NULL
PVOTF,NULL
PW,N
PWCO,NULL
PWFL,NULL
PWOD,N
PWR,NULL
PWVI,NULL
PWWBF,NULL
PXD,NULL
PXFG,NULL
PXLW,NULL
PXS,NULL
PYPL,NULL
PYRNF,NULL
PYX,N
PZG,NULL
PZN,N
PZZA,N
QADA,NULL
QADB,NULL
QBIO,NULL
QCOM,NULL
QCRH,N
QD,N
QDEL,NULL
QEP,NULL
QES,NULL
QFIN,N
QGEN,NULL
QIWI,NULL
QK,N
QLYS,NULL
QMCI,Y
QMCO,NULL
QNST,NULL
QNTO,N
QPRC,NULL
QPWR,NULL
QRHC,NULL
QRON,NULL
QRTEA,NULL
QRTEB,NULL
QRVO,NULL
QSEP,NULL
QSR,N
QTNT,NULL
QTRHF,NULL
QTRRF,NULL
QTRX,NULL
QTS,N
QTT,NULL
QTWO,NULL
QUAD,NULL
QUIK,NULL
QUMU,NULL
QUOT,NULL
QURE,NULL
QYOUF,N
R,NULL
RACE,NULL
RAD,NULL
RADA,NULL
RAIL,NULL
RAMP,NULL
RAND,N
RAPT,NULL
RARE,NULL
RASP,NULL
RAVE,N
RAVN,NULL
RBA,NULL
RBB,N
RBBN,NULL
RBC,NULL
RBCAA,N
RBCN,NULL
RBKB,N
RBNC,N
RBS,N
RBYCF,NULL
RC,N
RCEL,NULL
RCI,NULL
RCII,NULL
RCKE,NULL
RCKT,NULL
RCKY,NULL
RCL,N
RCMT,NULL
RCON,NULL
RCRT,NULL
RCUS,NULL
RDCM,NULL
RDDTF,NULL
RDFN,Y
RDGL,NULL
RDHL,NULL
RDI,N
RDIB,N
RDN,N
RDS/A,NULL
RDS/B,NULL
RDSMY,NULL
RDUS,NULL
RDVT,NULL
RDWR,NULL
RDY,NULL
RE,N
REAL,NULL
REDU,NULL
REED,NULL
REEMF,NULL
REFR,NULL
REG,N
REGI,NULL
REGN,NULL
REI,NULL
REKR,NULL
RELEY,NULL
RELI,N
RELL,NULL
RELV,NULL
RELX,NULL
RENN,NULL
REPCF,NULL
REPH,NULL
REPL,NULL
REPYY,NULL
RES,NULL
RESI,N
RESN,NULL
RETA,NULL
RETO,NULL
REV,NULL
REVG,NULL
REX,NULL
REXN,NULL
REXR,N
REYN,NULL
REZI,NULL
REZZF,NULL
RF,N
RFIL,NULL
RFL,N
RFMK,N
RFP,NULL
RGA,N
RGCO,NULL
RGCTF,NULL
RGEN,NULL
RGLD,NULL
RGLS,NULL
RGNX,NULL
RGP,NULL
RGR,N
RGRX,NULL
RGS,N
RGUS,NULL
RH,NULL
RHE,NULL
RHHBY,NULL
RHI,NULL
RHNO,NULL
RHP,N
RHWI,NULL
RIBT,NULL
RICK,N
RIG,NULL
RIGL,NULL
RIINF,NULL
RILY,N
RIO,NULL
RIOFF,NULL
RIOT,NULL
RIVE,N
RJF,N
RKDA,NULL
RKTE,NULL
RL,N
RLGT,NULL
RLGY,Y
RLH,N
RLI,NULL
RLJ,N
RLLY,N
RLMD,NULL
RM,N
RMAX,Y
RMBI,N
RMBL,NULL
RMBS,NULL
RMCF,NULL
RMD,NULL
RMED,NULL
RMNI,NULL
RMR,N
RMTI,NULL
RNBI,NULL
RNDB,N
RNET,NULL
RNG,NULL
RNGR,NULL
RNKLF,NULL
RNR,N
RNSFF,NULL
RNSGF,NULL
RNST,N
RNWK,NULL
ROAD,NULL
ROCK,NULL
ROG,NULL
ROGFF,NULL
ROIC,N
ROIUF,NULL
ROK,NULL
ROKU,N
ROL,NULL
ROLL,NULL
ROMJF,NULL
ROP,NULL
ROSE,NULL
ROSEU,NULL
ROST,NULL
ROSYY,NULL
ROYE,NULL
ROYL,NULL
ROYT,NULL
RP,NULL
RPAI,N
RPAY,NULL
RPD,NULL
RPM,NULL
RPMT,NULL
RPT,N
RRBI,N
RRC,NULL
RRD,NULL
RRGB,N
RRIF,NULL
RRR,N
RS,NULL
RSASF,NULL
RSG,NULL
RSHYY,NULL
RSLS,NULL
RSPI,NULL
RSSFF,NULL
RSSS,NULL
RSSV,NULL
RST,NULL
RTIX,NULL
RTLR,NULL
RTRX,NULL
RTTR,NULL
RTW,NULL
RTX,NULL
RUBI,NULL
RUBY,NULL
RUHN,NULL
RUN,NULL
RUSHA,NULL
RUSHB,NULL
RUTH,N
RVI,N
RVLGF,NULL
RVLV,NULL
RVMD,NULL
RVNC,NULL
RVNG,NULL
RVP,NULL
RVRA,NULL
RVSB,N
RVSDF,NULL
RWLK,NULL
RWT,N
RXN,NULL
RY,N
RYAAY,NULL
RYAM,NULL
RYB,NULL
RYCE,NULL
RYES,NULL
RYFL,N
RYI,NULL
RYMDF,NULL
RYN,N
RYPPF,N
RYTM,NULL
RZLT,NULL
SA,NULL
SABK,N
SABR,NULL
SACH,N
SAEX,NULL
SAFE,N
SAFM,NULL
SAFT,NULL
SAGE,NULL
SAH,NULL
SAIA,NULL
SAIC,NULL
SAIL,NULL
SAL,N
SALM,N
SALT,NULL
SAM,NULL
SAMG,N
SAN,N
SAND,NULL
SANM,NULL
SANW,NULL
SAP,NULL
SAR,N
SASR,N
SATS,NULL
SAVA,NULL
SAVE,NULL
SB,NULL
SBAC,N
SBBP,NULL
SBBX,N
SBCF,N
SBFG,N
SBGI,N
SBH,N
SBKK,N
SBLK,NULL
SBNY,N
SBOW,NULL
SBPH,NULL
SBR,NULL
SBRA,N
SBS,NULL
SBSAA,N
SBSI,N
SBSW,NULL
SBT,N
SBUX,N
SC,N
SCCO,NULL
SCHL,NULL
SCHN,NULL
SCHW,N
SCI,N
SCIA,NULL
SCKT,NULL
SCL,NULL
SCM,N
SCND,NULL
SCON,NULL
SCOO,NULL
SCOR,N
SCPH,NULL
SCPL,N
SCS,NULL
SCSC,NULL
SCU,N
SCVL,NULL
SCWX,NULL
SCX,NULL
SCYX,NULL
SD,NULL
SDC,NULL
SDGR,NULL
SDI,N
SDLPF,NULL
SDPI,NULL
SDRL,NULL
SE,N
SEAC,NULL
SEAS,N
SEB,NULL
SECI,NULL
SECO,NULL
SEDG,NULL
SEE,NULL
SEED,NULL
SEEL,NULL
SEGN,N
SEIC,N
SELB,NULL
SELF,N
SEM,NULL
SENEA,NULL
SENEB,NULL
SENR,NULL
SENS,NULL
SEOVF,NULL
SERV,N
SESN,NULL
SF,N
SFBC,N
SFBS,N
SFE,N
SFET,NULL
SFIX,NULL
SFL,NULL
SFM,NULL
SFNC,N
SFST,N
SFUN,NULL
SG,N
SGA,N
SGBI,NULL
SGBX,NULL
SGC,N
SGEN,NULL
SGH,NULL
SGLB,NULL
SGLN,NULL
SGLS,NULL
SGMA,NULL
SGMD,NULL
SGMLF,NULL
SGMO,NULL
SGMS,N
SGOC,NULL
SGRP,N
SGRY,NULL
SGSI,NULL
SGSVF,NULL
SGU,NULL
SHAK,N
SHBI,N
SHEN,NULL
SHG,N
SHI,NULL
SHIP,NULL
SHLO,NULL
SHLX,NULL
SHMP,NULL
SHO,N
SHOO,NULL
SHOP,NULL
SHRG,NULL
SHSP,NULL
SHW,NULL
SHWZ,NULL
SI,N
SIAF,NULL
SIBN,NULL
SIC,N
SID,NULL
SIDGQ,NULL
SIEB,N
SIEN,NULL
SIF,NULL
SIFY,NULL
SIG,N
SIGA,NULL
SIGI,NULL
SILC,NULL
SILEF,NULL
SILK,NULL
SILV,NULL
SIM,NULL
SIMO,NULL
SINA,NULL
SINO,NULL
SINT,NULL
SIRI,N
SITC,N
SITE,NULL
SITM,NULL
SIVB,N
SIX,N
SJ,N
SJI,NULL
SJIU,NULL
SJM,NULL
SJR,N
SJT,NULL
SJW,NULL
SKAS,NULL
SKGO,NULL
SKKY,NULL
SKLV,NULL
SKM,NULL
SKREF,NULL
SKT,N
SKVI,NULL
SKX,NULL
SKY,NULL
SKYS,NULL
SKYW,NULL
SLAB,NULL
SLB,NULL
SLCA,NULL
SLCT,N
SLDB,NULL
SLF,N
SLG,N
SLGG,NULL
SLGL,NULL
SLGN,NULL
SLM,N
SLNG,NULL
SLNO,NULL
SLP,NULL
SLRC,N
SLRX,NULL
SLS,NULL
SLSDF,NULL
SLVRF,NULL
SM,NULL
SMAR,NULL
SMBC,N
SMBK,N
SMCI,NULL
SMDM,NULL
SMFG,N
SMG,NULL
SMGI,NULL
SMHI,NULL
SMICY,NULL
SMID,NULL
SMIT,NULL
SMLP,NULL
SMLR,NULL
SMME,NULL
SMMF,N
SMMT,NULL
SMP,NULL
SMPL,NULL
SMRT,NULL
SMSI,NULL
SMTC,NULL
SMTI,NULL
SMTS,NULL
SMTX,NULL
SNA,NULL
SNANF,NULL
SNAP,NULL
SNBP,NULL
SNBR,NULL
SNCA,NULL
SNCR,NULL
SND,NULL
SNDE,NULL
SNDL,NULL
SNDR,NULL
SNDX,NULL
SNE,NULL
SNES,NULL
SNFCA,N
SNGX,NULL
SNMP,NULL
SNN,NULL
SNNVF,NULL
SNOA,NULL
SNP,NULL
SNPS,NULL
SNR,N
SNSS,NULL
SNV,N
SNWV,NULL
SNX,NULL
SNY,NULL
SNYR,NULL
SO,NULL
SOGO,NULL
SOHO,N
SOHU,NULL
SOI,NULL
SOIS,NULL
SOL,NULL
SOLN,NULL
SOLO,NULL
SOLVY,NULL
SOLY,NULL
SON,NULL
SONA,N
SONG,N
SONM,NULL
SONN,NULL
SONO,NULL
SOPV,NULL
SOTK,NULL
SOUL,N
SOUPQ,NULL
SOYO,NULL
SP,NULL
SPAR,NULL
SPB,NULL
SPCB,NULL
SPCE,NULL
SPFI,N
SPG,N
SPGI,Y
SPH,NULL
SPHRY,NULL
SPI,NULL
SPIR,NULL
SPKE,NULL
SPLIF,NULL
SPLK,NULL
SPLP,NULL
SPN,NULL
SPNE,NULL
SPNS,NULL
SPOK,NULL
SPOT,N
SPPI,NULL
SPR,NULL
SPRO,NULL
SPRT,NULL
SPRWF,NULL
SPSC,NULL
SPT,NULL
SPTN,NULL
SPWH,N
SPWR,NULL
SPXC,NULL
SQ,NULL
SQBG,N
SQIDF,NULL
SQM,NULL
SQNS,NULL
SR,NULL
SRAFF,NULL
SRAX,N
SRC,N
SRCE,N
SRCL,NULL
SRDX,NULL
SRE,NULL
SREV,NULL
SRG,N
SRGZ,NULL
SRI,NULL
SRL,N
SRLP,NULL
SRNA,NULL
SRNE,NULL
SROYF,NULL
SRPT,NULL
SRRA,NULL
SRRK,NULL
SRT,NULL
SRTS,NULL
SRUTF,NULL
SSB,N
SSBI,N
SSD,NULL
SSKN,NULL
SSL,NULL
SSMLF,NULL
SSNC,NULL
SSNHZ,NULL
SSNT,NULL
SSNYY,NULL
SSP,N
SSPC,NULL
SSPXF,NULL
SSRM,NULL
SSSS,N
SSTI,NULL
SSTK,NULL
SSVFF,NULL
SSY,NULL
SSYS,NULL
ST,NULL
STAA,NULL
STAF,NULL
STAG,N
STAR,N
STAY,N
STBA,N
STBI,N
STC,NULL
STCB,NULL
STCN,NULL
STE,NULL
STFC,NULL
STG,NULL
STHI,NULL
STIM,NULL
STKL,NULL
STKS,N
STKXF,NULL
STL,N
STLD,NULL
STLHF,NULL
STM,NULL
STMH,N
STML,NULL
STMP,NULL
STN,NULL
STND,N
STNE,NULL
STNG,NULL
STOK,NULL
STON,N
STOR,N
STRA,NULL
STRL,NULL
STRM,NULL
STRO,NULL
STRS,N
STRT,NULL
STSA,NULL
STSBF,NULL
STT,N
STWD,N
STWRY,NULL
STX,NULL
STXB,N
STXMF,N
STXS,NULL
STYS,NULL
STZ,N
STZ/B,N
SU,NULL
SUI,N
SUM,NULL
SUME,NULL
SUMR,NULL
SUN,NULL
SUNS,N
SUNW,NULL
SUP,NULL
SUPN,NULL
SUPV,N
SURF,NULL
SURG,NULL
SUZ,NULL
SVA,NULL
SVBI,N
SVBL,NULL
SVC,N
SVM,NULL
SVMK,NULL
SVRA,NULL
SVSE,NULL
SVT,NULL
SWAV,NULL
SWCC,N
SWCH,NULL
SWI,NULL
SWIR,NULL
SWK,NULL
SWKH,N
SWKS,NULL
SWM,NULL
SWN,NULL
SWT,NULL
SWTX,NULL
SWX,NULL
SXC,NULL
SXI,NULL
SXT,NULL
SXTC,NULL
SY,NULL
SYATF,NULL
SYBRQ,NULL
SYBT,N
SYBX,NULL
SYF,N
SYHBF,NULL
SYK,NULL
SYKE,NULL
SYN,NULL
SYNA,NULL
SYNC,NULL
SYNE,NULL
SYNH,NULL
SYNI,NULL
SYNL,NULL
SYPR,NULL
SYRS,NULL
SYSX,NULL
SYTE,N
SYX,NULL
SYY,NULL
T,NULL
TA,NULL
TAC,NULL
TACO,N
TACT,NULL
TAIT,NULL
TAK,NULL
TAKOF,NULL
TAL,NULL
TALO,NULL
TANH,NULL
TAOIF,NULL
TAOP,NULL
TAP,NULL
TAP/A,NULL
TARA,NULL
TARO,NULL
TAST,N
TAT,NULL
TATT,NULL
TATYY,NULL
TAYD,NULL
TBBK,N
TBI,NULL
TBIO,NULL
TBK,N
TBLT,N
TBNK,N
TBPH,NULL
TBPMF,NULL
TBTC,N
TBXXF,NULL
TC,N
TCBI,N
TCBK,N
TCCO,NULL
TCDA,NULL
TCF,N
TCFC,N
TCI,N
TCLRY,N
TCMD,NULL
TCNNF,NULL
TCO,N
TCOM,NULL
TCON,NULL
TCP,NULL
TCPC,N
TCRD,N
TCRR,NULL
TCS,N
TCX,NULL
TD,N
TDC,NULL
TDG,NULL
TDLAF,NULL
TDNT,NULL
TDOC,NULL
TDS,NULL
TDW,NULL
TDY,NULL
TEAM,NULL
TEAR,NULL
TECD,NULL
TECH,NULL
TECK,NULL
TECO,NULL
TECR,NULL
TEDU,NULL
TEF,NULL
TEL,NULL
TELA,NULL
TELL,NULL
TEN,NULL
TENB,NULL
TENX,NULL
TEO,NULL
TER,NULL
TERP,NULL
TESS,NULL
TEUM,NULL
TEVA,NULL
TEX,NULL
TFC,N
TFECY,NULL
TFFP,NULL
TFII,NULL
TFSL,N
TFX,NULL
TG,NULL
TGA,NULL
TGB,NULL
TGC,NULL
TGCDF,NULL
TGEN,NULL
TGH,NULL
TGHI,N
TGI,NULL
TGIFF,NULL
TGLS,NULL
TGNA,N
TGODF,NULL
TGP,NULL
TGRF,N
TGS,NULL
TGT,NULL
TGTX,NULL
TH,N
THC,NULL
THCBF,NULL
THFF,N
THG,NULL
THM,NULL
THMG,NULL
THMO,NULL
THO,NULL
THR,NULL
THRM,NULL
THS,NULL
THTX,NULL
TIF,N
TIGCF,NULL
TIGO,NULL
TIGR,N
TIKK,NULL
TIKRF,NULL
TILE,NULL
TIPT,NULL
TISI,NULL
TITN,NULL
TIVO,NULL
TIXC,N
TJX,NULL
TK,NULL
TKAT,NULL
TKC,NULL
TKGBY,N
TKOI,NULL
TKR,NULL
TLC,NULL
TLF,NULL
TLGT,NULL
TLK,NULL
TLLTF,NULL
TLND,NULL
TLRD,NULL
TLRS,NULL
TLRY,NULL
TLSA,NULL
TLTFF,NULL
TLYS,NULL
TM,NULL
TMDI,NULL
TMDX,NULL
TME,N
TMEN,NULL
TMHC,NULL
TMO,NULL
TMP,N
TMQ,NULL
TMRC,NULL
TMST,NULL
TMUS,NULL
TNAV,NULL
TNC,NULL
TNDM,NULL
TNET,NULL
TNK,NULL
TNKY,NULL
TNP,NULL
TNREF,NULL
TNXP,NULL
TNYBF,NULL
TOCA,NULL
TOFB,NULL
TOKIF,NULL
TOL,NULL
TOMZ,NULL
TOPS,NULL
TORC,NULL
TOT,NULL
TOUR,N
TOWN,N
TPB,N
TPC,NULL
TPCO,NULL
TPCS,NULL
TPH,NULL
TPHS,N
TPIC,NULL
TPL,NULL
TPNI,NULL
TPR,N
TPRE,N
TPRFF,NULL
TPTW,NULL
TPTX,NULL
TPVG,N
TPX,NULL
TR,NULL
TRBD,NULL
TRBMF,NULL
TRC,N
TRCH,NULL
TRCK,NULL
TREC,NULL
TREE,N
TREVF,NULL
TREX,NULL
TRGP,NULL
TRHC,NULL
TRI,NULL
TRIB,NULL
TRIL,NULL
TRIP,NULL
TRMB,NULL
TRMK,N
TRMT,N
TRN,NULL
TRNF,NULL
TRNO,N
TRNS,NULL
TRNX,NULL
TROW,N
TROX,NULL
TRP,NULL
TRPX,NULL
TRQ,NULL
TRS,NULL
TRSSF,NULL
TRST,N
TRT,NULL
TRTC,NULL
TRTN,NULL
TRTX,N
TRU,NULL
TRUE,NULL
TRUP,N
TRV,NULL
TRVG,NULL
TRVI,NULL
TRVN,NULL
TRWH,N
TRX,NULL
TRXC,NULL
TS,NULL
TSBK,N
TSC,N
TSCO,N
TSE,NULL
TSEM,NULL
TSGZF,NULL
TSKFF,NULL
TSLA,NULL
TSLX,N
TSM,NULL
TSN,NULL
TSQ,N
TSRI,NULL
TSRMF,NULL
TSSI,NULL
TSU,NULL
TT,NULL
TTC,NULL
TTD,NULL
TTEC,NULL
TTEK,NULL
TTGT,N
TTI,NULL
TTM,NULL
TTMI,NULL
TTNP,NULL
TTOO,NULL
TTPH,NULL
TTWO,N
TU,NULL
TUES,NULL
TUFN,NULL
TUMIF,NULL
TUP,NULL
TURN,N
TURV,N
TUSK,NULL
TV,N
TW,Y
TWI,NULL
TWIN,NULL
TWLO,NULL
TWMC,N
TWNK,NULL
TWO,N
TWOU,NULL
TWST,NULL
TWTR,NULL
TX,NULL
TXG,NULL
TXMC,NULL
TXMD,NULL
TXN,NULL
TXRH,N
TXT,NULL
TYABY,N
TYCB,N
TYFG,N
TYHT,NULL
TYL,NULL
TYME,NULL
TZOO,NULL
UA,N
UAA,N
UAL,NULL
UAMY,NULL
UAN,NULL
UAVS,NULL
UBA,N
UBAB,N
UBCP,N
UBER,NULL
UBFO,N
UBIA,NULL
UBID,NULL
UBNC,N
UBOH,N
UBP,N
UBS,N
UBSI,N
UBX,NULL
UCBI,N
UCTT,NULL
UDR,N
UE,N
UEC,NULL
UEIC,NULL
UEPS,NULL
UFAB,NULL
UFCS,NULL
UFI,NULL
UFPI,NULL
UFPT,NULL
UFS,NULL
UG,NULL
UGEIF,NULL
UGHL,NULL
UGI,NULL
UGP,NULL
UGRO,NULL
UHAL,NULL
UHS,NULL
UHT,N
UI,NULL
UIHC,NULL
UIS,NULL
UL,NULL
ULBI,NULL
ULH,NULL
ULNV,NULL
ULTA,N
ULTXF,NULL
UMAM,NULL
UMBF,N
UMC,NULL
UMH,N
UMPQ,N
UMRX,NULL
UN,NULL
UNAM,NULL
UNB,N
UNDT,NULL
UNF,NULL
UNFI,NULL
UNH,NULL
UNIB,N
UNIF,N
UNIR,NULL
UNIT,N
UNM,N
UNP,NULL
UNT,NULL
UNTN,N
UNTY,N
UNVR,NULL
UONE,N
UONEK,N
UPLD,NULL
UPPR,NULL
UPS,NULL
UPWK,NULL
URBF,NULL
URBN,NULL
URG,NULL
URGN,NULL
URI,NULL
UROV,NULL
URYL,NULL
USAC,NULL
USAE,NULL
USAK,NULL
USAP,NULL
USAS,NULL
USAU,NULL
USB,N
USCR,NULL
USDP,NULL
USEG,NULL
USFD,NULL
USIO,NULL
USLM,NULL
USM,NULL
USNA,NULL
USPH,NULL
USWS,NULL
USX,NULL
UTHR,NULL
UTI,NULL
UTL,NULL
UTMD,NULL
UTSI,NULL
UURAF,NULL
UUU,NULL
UUUU,NULL
UVE,NULL
UVSP,N
UVV,N
UWKI,N
UXIN,NULL
V,NULL
VABK,N
VAC,N
VAL,NULL
VALE,NULL
VALU,Y
VAPO,NULL
VAR,NULL
VBFC,N
VBIO,NULL
VBIV,NULL
VBLT,NULL
VBTC,NULL
VBTX,N
VC,NULL
VCEL,NULL
VCNX,NULL
VCRA,NULL
VCTR,N
VCYT,NULL
VEC,NULL
VECO,NULL
VEDL,NULL
VEEV,NULL
VEL,N
VEON,NULL
VER,N
VERB,NULL
VERI,NULL
VERO,NULL
VERT/U,NULL
VERU,NULL
VERY,N
VET,NULL
VEXTF,NULL
VFC,N
VFF,NULL
VG,NULL
VGGOF,NULL
VGR,N
VGZ,NULL
VHC,NULL
VHI,NULL
VIAC,N
VIACA,N
VIAV,NULL
VICI,N
VICR,NULL
VIE,NULL
VIOT,NULL
VIPS,NULL
VIPV,NULL
VIR,NULL
VIRC,NULL
VIRT,N
VISL,NULL
VIST,NULL
VIV,NULL
VIVE,NULL
VIVO,NULL
VIVXF,NULL
VIZSF,NULL
VJET,NULL
VKIN,NULL
VKTX,NULL
VLCJF,NULL
VLEOD,NULL
VLGEA,NULL
VLLX,N
VLMGF,NULL
VLNCF,NULL
VLO,NULL
VLRS,NULL
VLY,N
VMC,NULL
VMI,NULL
VMW,NULL
VNCE,N
VNCI,NULL
VNDA,NULL
VNE,NULL
VNET,NULL
VNNYF,NULL
VNO,N
VNOM,NULL
VNRX,NULL
VNTR,NULL
VOC,NULL
VOD,NULL
VOIP,NULL
VOLT,NULL
VOXX,NULL
VOYA,N
VOYT,NULL
VPG,NULL
VPLM,NULL
VQSLF,NULL
VRA,N
VRAY,NULL
VRCA,NULL
VREOF,NULL
VREX,NULL
VRME,NULL
VRML,NULL
VRNA,NULL
VRNDF,NULL
VRNS,NULL
VRNT,NULL
VRRM,NULL
VRS,NULL
VRSK,NULL
VRSN,NULL
VRSSF,N
VRT,NULL
VRTS,N
VRTU,NULL
VRTV,NULL
VRTX,NULL
VRUS,NULL
VSAT,NULL
VSBN,N
VSEC,NULL
VSH,NULL
VSLR,NULL
VST,NULL
VSTM,NULL
VSTO,N
VTGN,NULL
VTNR,NULL
VTR,N
VTSI,NULL
VTVT,NULL
VUZI,NULL
VVCIF,NULL
VVI,NULL
VVNT,N
VVPR,NULL
VVUS,NULL
VVV,NULL
VXEL,NULL
VXRT,NULL
VYCO,NULL
VYGR,NULL
VYGVF,NULL
VYST,NULL
VZ,NULL
W,NULL
WAB,NULL
WABC,N
WAFD,N
WAFU,NULL
WAL,N
WARM,NULL
WASH,N
WAT,NULL
WATT,NULL
WAYN,N
WB,NULL
WBA,NULL
WBAI,N
WBBW,N
WBC,NULL
WBK,N
WBS,N
WBT,NULL
WCC,NULL
WCEXF,NULL
WCN,NULL
WCRS,N
WCTXF,NULL
WD,N
WDAY,NULL
WDC,NULL
WDDD,NULL
WDDMF,NULL
WDFC,NULL
WDR,N
WEBK,N
WEC,NULL
WEI,N
WELL,N
WEN,N
WERN,NULL
WES,NULL
WETF,N
WEX,NULL
WEYL,NULL
WEYS,NULL
WF,N
WFC,N
WFCF,NULL
WFTSF,NULL
WGO,NULL
WH,N
WHD,NULL
WHF,N
WHG,N
WHLM,NULL
WHLR,N
WHR,NULL
WIFI,NULL
WILC,NULL
WIMI,N
WINA,N
WING,N
WINR,N
WINT,NULL
WIRE,NULL
WISA,NULL
WIT,NULL
WIX,NULL
WIZD,N
WIZP,NULL
WK,NULL
WKEY,NULL
WKHS,NULL
WKULF,NULL
WLDFF,NULL
WLDN,NULL
WLFC,NULL
WLK,NULL
WLKP,NULL
WLL,NULL
WLMS,NULL
WLOLQ,NULL
WLTW,N
WM,NULL
WMB,NULL
WMC,N
WMGI,NULL
WMK,NULL
WMLLF,NULL
WMMVY,NULL
WMS,NULL
WMT,NULL
WNC,NULL
WNEB,N
WNS,NULL
WNWG,NULL
WOAM,NULL
WOR,NULL
WORK,NULL
WORX,NULL
WOW,N
WPC,N
WPG,N
WPM,NULL
WPP,N
WPRT,NULL
WPTIF,N
WPX,NULL
WRB,NULL
WRE,N
WRI,N
WRK,NULL
WRLD,N
WRN,NULL
WRTC,NULL
WSBC,N
WSBF,N
WSC,NULL
WSCO,NULL
WSCRF,NULL
WSFS,N
WSG,N
WSM,NULL
WSO,NULL
WSO/B,NULL
WSR,N
WST,NULL
WSTG,NULL
WSTL,NULL
WSTRF,NULL
WTBA,N
WTER,NULL
WTFC,N
WTI,NULL
WTM,NULL
WTNW,NULL
WTRE,N
WTRG,NULL
WTRH,NULL
WTRO,NULL
WTS,NULL
WTT,NULL
WTTR,NULL
WU,NULL
WUBA,NULL
WVE,NULL
WVFC,N
WVVI,N
WW,N
WWD,NULL
WWE,N
WWR,NULL
WWW,NULL
WY,N
WYND,N
WYNN,N
WYY,NULL
X,NULL
XAIR,NULL
XAN,N
XBIO,NULL
XBIT,NULL
XCUR,NULL
XDSL,NULL
XEBEF,NULL
XEC,NULL
XEL,NULL
XELA,NULL
XELB,NULL
XENE,NULL
XENT,NULL
XERS,NULL
XFOR,NULL
XHR,N
XIN,N
XLNX,NULL
XLRN,NULL
XNCR,NULL
XNET,NULL
XOG,NULL
XOM,NULL
XOMA,NULL
XONE,NULL
XP,N
XPEL,NULL
XPER,NULL
XPL,NULL
XPO,NULL
XRAY,NULL
XRF,N
XRX,NULL
XSPA,N
XTGRF,NULL
XTLB,NULL
XTNT,NULL
XXII,N
XXMMF,NULL
XYF,N
XYL,NULL
XYNH,NULL
Y,N
YCBD,NULL
YELP,NULL
YETI,N
YEWB,NULL
YEXT,NULL
YGYI,NULL
YI,NULL
YIN,N
YJ,NULL
YMAB,NULL
YNDX,NULL
YNVYF,NULL
YORW,NULL
YPF,NULL
YRCW,NULL
YRD,N
YTEN,NULL
YTRA,NULL
YUANF,N
YUM,N
YUMC,N
YVR,N
YY,NULL
YZCAY,NULL
Z,NULL
ZAGG,NULL
ZAZA,NULL
ZBH,NULL
ZBRA,NULL
ZCMD,NULL
ZDGE,NULL
ZDPY,N
ZEAL,NULL
ZEN,NULL
ZEST,NULL
ZEUS,NULL
ZFGN,NULL
ZG,NULL
ZGNX,NULL
ZIMCF,NULL
ZION,N
ZIOP,NULL
ZIVO,NULL
ZIXI,NULL
ZKIN,NULL
ZLAB,NULL
ZM,NULL
ZMTP,NULL
ZMWYF,NULL
ZN,NULL
ZNGA,N
ZNH,NULL
ZNTL,NULL
ZOM,NULL
ZPAS,NULL
ZS,NULL
ZSAN,NULL
ZTNO,NULL
ZTO,NULL
ZTS,NULL
ZUMZ,NULL
ZUO,NULL
ZURVY,N
ZVO,NULL
ZYME,NULL
ZYNE,NULL
ZYXI,NULL
